33, 0.8768100921687229
53, 0.7108413425283788
32, 0.5578977902834608
65, 0.45514604029415345
28, 0.44580228361064056
66, 0.392024396157784
54, 0.3896123460915067
27, 0.3773046348278494
30, 0.3759150597658853
95, 0.34896368977824255
15, 0.32925858697991095
55, 0.32128915980295303
31, 0.3186332002082567
52, 0.3058207182024211
12, 0.29702592597843086
26, 0.29446536423931313
14, 0.28535625852042684
11, 0.2838365971816945
515, 0.28195505128136394
64, 0.2553568586705668
25, 0.23003259254577643
591, 0.22730376206720213
62, 0.22684053728752954
580, 0.2199703042861023
1, 0.21612218281917178
549, 0.21355647738124797
56, 0.2089571517389386
7, 0.20332843444517498
8, 0.20322789883941814
19, 0.2025191781281669
534, 0.20161221676473315
84, 0.19606621825458542
17, 0.1931830435462471
61, 0.18956758844428806
76, 0.1801462961601175
5, 0.17065245260967235
105, 0.1693335144536616
213, 0.162840282012664
79, 0.15343340708126824
57, 0.1527463688177791
593, 0.14528281595382583
3, 0.14519988931919148
68, 0.14439805830834068
115, 0.14034460409037985
2, 0.1343940288938091
516, 0.12997257910150933
13, 0.1291957554534037
73, 0.12875358761979327
581, 0.12700202538390837
169, 0.12608778290996134
592, 0.12366238927138556
81, 0.12208810529559631
566, 0.12077245329781584
113, 0.11827296943809813
501, 0.11746224240730212
101, 0.11635574058918087
85, 0.11590976357399338
659, 0.11399281195172892
74, 0.10959822911433784
71, 0.1013133408624931
594, 0.09975511726643876
212, 0.09810233115045634
167, 0.0970301201339189
29, 0.09543103130032068
174, 0.09457560403923997
567, 0.09287742476203381
82, 0.09116302553392895
108, 0.09009745583109911
211, 0.08776470857635174
524, 0.08530838058767
657, 0.08427124271358336
9, 0.08411784913471809
21, 0.08411222289683108
83, 0.0837222770434074
102, 0.0832981982864567
51, 0.08124103883840587
34, 0.07959924914441599
58, 0.07841709878728327
596, 0.07720034633658499
23, 0.07716545152949907
702, 0.07462137629863443
532, 0.0740292910626042
669, 0.073609067529713
16, 0.06818644086403441
568, 0.06496896207449815
653, 0.06460060310895115
35, 0.06459662512621536
585, 0.061283500268310774
50, 0.056312399605139875
701, 0.055568621044552506
706, 0.055346707200473674
550, 0.053937916358426166
569, 0.05253809828185462
622, 0.04972882721379158
668, 0.04853302736004097
170, 0.048270626751215615
94, 0.0481727883966403
546, 0.0477397507698366
557, 0.047447760530167006
656, 0.04659039258623912
503, 0.04651181944508373
41, 0.04630736451463316
700, 0.04621478770263947
116, 0.04618502011238389
162, 0.04609101018834876
531, 0.04605195154415746
134, 0.044095925681147924
553, 0.043832192349308394
660, 0.04212148719130138
75, 0.04189882099429532
518, 0.0416474754102507
156, 0.041369270504129245
707, 0.04089683568004603
39, 0.040215576815715866
44, 0.040137400190542384
72, 0.039754995071684805
42, 0.039533307172748146
579, 0.03926732047728127
542, 0.03925285875743451
614, 0.03888816906151895
526, 0.03861612892434514
545, 0.0386079960053141
543, 0.038393745838509366
517, 0.038368813236590624
168, 0.03834591590306383
556, 0.0380912626304677
705, 0.037892021430592296
658, 0.037886696967759335
528, 0.03750050651304733
539, 0.03726212228711645
699, 0.03663518255875398
190, 0.03654379241313434
527, 0.03651033216977832
184, 0.03640519686463443
165, 0.03621354186157765
173, 0.03548842377639195
149, 0.03542910237196256
663, 0.03519766031391473
43, 0.034991780845380516
552, 0.03459618697367476
570, 0.03451046963466455
117, 0.03441690873821425
540, 0.034379310467870544
565, 0.033928195230521284
182, 0.0336771565670138
160, 0.03350941468171618
505, 0.03349520414087778
163, 0.03346037144603779
209, 0.03345033499910037
684, 0.033435580797662255
600, 0.03327191479659779
554, 0.03319784591451998
661, 0.032961446409685013
655, 0.03291438387443784
70, 0.03285223485778348
654, 0.0328278794720758
541, 0.03273585661011055
87, 0.03266597716437249
560, 0.032653222213724714
10, 0.032092230956689456
530, 0.03185760147247045
161, 0.03182843842226217
191, 0.03180987736845662
514, 0.03174190969437045
667, 0.03172788430554604
89, 0.03172115424821008
703, 0.031565606241382174
67, 0.031486281749759905
172, 0.031232446953795373
135, 0.03103581390355029
185, 0.030932757897396624
155, 0.030848061273268078
555, 0.030730214604128326
103, 0.030621344431928134
186, 0.030441821279918253
563, 0.030410582065643243
201, 0.030224868176329137
713, 0.030223242621983205
151, 0.03013135661679854
205, 0.03012708850957605
623, 0.03010469055569594
206, 0.03007804736201662
158, 0.030075916893846304
157, 0.030064734334736772
192, 0.0300514270174456
207, 0.0300514270174456
597, 0.0300514270174456
683, 0.0300514270174456
152, 0.030042913329924873
171, 0.029697416140351072
59, 0.029674908479575737
96, 0.029382217477661905
511, 0.029381293656144933
651, 0.029361514629886638
628, 0.02931835796455948
682, 0.029314201537870902
666, 0.02924051999017283
18, 0.02903072649142591
111, 0.028868540127098177
86, 0.0288577931276132
109, 0.028840401453618304
47, 0.02867060208735673
200, 0.02863868274061267
522, 0.028632080791940708
520, 0.02861735869021064
187, 0.0286006148904521
203, 0.02858793652413562
136, 0.02858588941749683
712, 0.028581345929553217
202, 0.028545377156436645
204, 0.028528674235621814
208, 0.028496813180117188
606, 0.028496813180117188
688, 0.02847609676333769
704, 0.028229119292812604
643, 0.028155550396290883
645, 0.027991157118023725
664, 0.027858373349164342
670, 0.02783168507799117
665, 0.02782723944799754
603, 0.027784300572237332
680, 0.027773945662911716
685, 0.02774930620387463
647, 0.027612679157307436
189, 0.027476236283722692
646, 0.02738124389724665
642, 0.027358886316611077
127, 0.02731470944446308
708, 0.02730840412496556
612, 0.027191304308093415
126, 0.027163289150784184
559, 0.027140640629382064
607, 0.027116547332248327
690, 0.027100657147312614
608, 0.027082851643854766
572, 0.027054482608434016
577, 0.027032384422318128
159, 0.027030463670442838
153, 0.02701078361232699
689, 0.026978653496617565
687, 0.026966674169669223
529, 0.026952251760494494
510, 0.026887244548650564
507, 0.02682998022490743
509, 0.02669775529625096
697, 0.026620077840321176
691, 0.026521853747878504
652, 0.02640426241470809
148, 0.026388778304224175
638, 0.026388778304224175
512, 0.02638643299766374
120, 0.026380805089274185
641, 0.026380805089274185
118, 0.026361116605208287
626, 0.026359242257255572
576, 0.026339569430570028
611, 0.026335823845470705
144, 0.026327866197740492
629, 0.026322250443226034
711, 0.026289047735639774
198, 0.026283440037622043
625, 0.026261954642065773
194, 0.026244218727735344
644, 0.026227858241985296
551, 0.02621014473471769
710, 0.026147791662446032
589, 0.026024854379016787
508, 0.025952774587119087
595, 0.025941682621736645
627, 0.025689163865457377
649, 0.025686879096776218
610, 0.025677742000371803
709, 0.02567041742144405
609, 0.025628000418661194
502, 0.025564232663214292
24, 0.025552864887991692
617, 0.025497914387734924
188, 0.025448964868406903
616, 0.025377066805229456
675, 0.02537345452474525
506, 0.025320682109276557
137, 0.025318879815334403
615, 0.025311671889012063
564, 0.02527791136890088
69, 0.025228924262656438
662, 0.025227128330877185
558, 0.02519930730826807
60, 0.025193477659654427
77, 0.02517286021956517
618, 0.025135700764284796
590, 0.02509278780106741
613, 0.025081624269538815
601, 0.025076267493278126
504, 0.025074482148901178
6, 0.025070465576835906
698, 0.025070465576835906
693, 0.025068680634913895
648, 0.025038801257259602
673, 0.025024097305634128
571, 0.025014744626299584
695, 0.025011182596781402
147, 0.02500940176735628
619, 0.025003614924916553
562, 0.025000054439599066
544, 0.024998274382198298
93, 0.02499649444829204
40, 0.024990710515882704
122, 0.02498715182104466
561, 0.02498537265879548
143, 0.024970254762578584
599, 0.024970254762578584
677, 0.024970254762578584
519, 0.02496847677264207
598, 0.024964921162837387
119, 0.024963143542953026
183, 0.024959144349142728
4, 0.024959144349142728
114, 0.024957367130065973
46, 0.024957367130065973
106, 0.02495559003429743
574, 0.02494981532454918
146, 0.024946262304217048
104, 0.024938713772946118
112, 0.024938713772946118
110, 0.024936937971425224
175, 0.024936937971425224
125, 0.02493516229311949
45, 0.02493516229311949
637, 0.024933386738020816
150, 0.024931611306121135
164, 0.024931611306121135
20, 0.024929835997412348
587, 0.02492761703475124
639, 0.024924067094798164
640, 0.024924067094798164
107, 0.024922292309560452
624, 0.024920517647471187
525, 0.02491652510798993
121, 0.024914750846077256
513, 0.024914750846077256
671, 0.02491120269158607
681, 0.02491120269158607
672, 0.024909428798991398
674, 0.024907655029486556
533, 0.024900117882124106
583, 0.024900117882124106
548, 0.024898344758708318
38, 0.024896571758331855
521, 0.024896571758331855
199, 0.02489435568087302
602, 0.02489435568087302
63, 0.02489435568087302
91, 0.02489435568087302
166, 0.02489081035675109
138, 0.024887265524649163
678, 0.024887265524649163
49, 0.024885493293085505
177, 0.0248832781765717
181, 0.0248832781765717
692, 0.024881506221703424
88, 0.024881506221703424
578, 0.024879734389797747
523, 0.024877962680846598
537, 0.024877962680846598
210, 0.024876191094841908
584, 0.024876191094841908
620, 0.024876191094841908
630, 0.024876191094841908
650, 0.024876191094841908
176, 0.02487441963177558
180, 0.02487441963177558
547, 0.02487441963177558
679, 0.02487441963177558
686, 0.02487441963177558
696, 0.02487441963177558
80, 0.02487441963177558
145, 0.02487220547581249
154, 0.02487220547581249
179, 0.02487220547581249
196, 0.02487220547581249
22, 0.02487220547581249
573, 0.02487220547581249
605, 0.02487220547581249
621, 0.02487220547581249
694, 0.02487220547581249
635, 0.024870434289328017
193, 0.02486866322575569
575, 0.02486866322575569
582, 0.02486866322575569
604, 0.02486866322575569
636, 0.02486866322575569
78, 0.02486866322575569
123, 0.024866892285087434
124, 0.024866892285087434
139, 0.024866892285087434
140, 0.024866892285087434
141, 0.024866892285087434
142, 0.024866892285087434
178, 0.024866892285087434
195, 0.024866892285087434
197, 0.024866892285087434
36, 0.024866892285087434
37, 0.024866892285087434
48, 0.024866892285087434
535, 0.024866892285087434
536, 0.024866892285087434
538, 0.024866892285087434
586, 0.024866892285087434
588, 0.024866892285087434
631, 0.024866892285087434
632, 0.024866892285087434
633, 0.024866892285087434
634, 0.024866892285087434
676, 0.024866892285087434
90, 0.024866892285087434
92, 0.024866892285087434
