1,0.000,0.22,0.02955,0
2,0.000,0.26,0.02885,0
3,0.000,0.11,0.04358,0
4,0.000,0.08,0.02015,0
5,0.000,0.02,0.03520,0
6,0.000,0.03,0.02485,0
7,0.000,0.03,0.05887,0
8,0.000,0.00,0.00831,0
9,0.000,0.02,0.05158,0
10,0.000,0.05,0.03951,0
11,0.000,0.17,0.03065,0
12,0.000,0.00,0.00306,0
13,0.000,0.03,0.01889,0
14,0.000,0.00,0.00259,0
15,0.000,0.16,0.01654,0
16,0.000,0.00,0.00729,0
17,0.000,0.07,0.01999,0
18,0.000,0.12,0.01333,0
19,0.000,0.04,0.01450,0
20,0.000,0.00,0.00917,0
21,0.000,0.13,0.01144,0
22,0.128,0.38,0.07996,0
23,0.128,0.24,0.06193,0
24,0.215,0.05,0.03676,0
25,0.060,0.00,0.06295,0
26,0.215,0.02,0.27060,0
27,0.215,0.03,0.32077,0
28,0.000,0.00,0.09203,0
29,0.282,0.03,0.97727,1
30,0.000,0.00,0.00235,0
31,0.616,0.15,0.88014,1
32,0.000,0.00,0.00298,0
33,0.024,0.00,0.41248,1
34,0.000,0.00,0.02367,0
35,0.000,0.09,0.06577,0
36,0.000,0.23,0.52708,1
37,0.128,0.23,0.30736,0
38,0.502,0.39,0.75049,1
39,0.000,0.00,0.00494,0
40,0.000,0.00,0.01748,0
41,0.000,0.00,0.52748,0
42,0.212,0.00,0.09093,0
43,0.466,0.15,1.00000,0
44,0.355,0.05,0.70228,0
45,0.100,0.01,0.14713,0
46,0.128,0.03,0.58705,0
47,0.215,0.03,0.39312,0
48,0.189,0.02,0.75065,0
49,0.280,0.04,0.30305,0
50,0.468,0.09,0.88085,0
51,0.132,0.08,0.35706,0
52,0.100,0.08,0.16266,0
53,0.000,0.00,0.04703,0
54,0.100,0.14,0.16814,0
55,0.089,0.16,0.13381,0
56,0.024,0.00,0.03739,0
57,0.060,0.00,0.08584,0
58,0.024,0.43,0.12519,0
59,0.000,0.00,0.11264,0
60,0.000,0.25,0.07839,0
61,0.000,0.29,0.10857,0
62,0.000,0.13,0.08231,0
63,0.000,0.08,0.03089,0
64,0.000,0.03,0.01834,0
65,0.000,0.00,0.00094,0
66,0.000,0.00,0.00510,0
67,0.000,0.00,0.00016,0
68,0.000,0.00,0.02109,0
69,0.000,0.00,0.00047,0
70,0.000,0.12,0.06867,0
71,0.000,0.03,0.01497,0
72,0.000,0.00,0.00219,0
73,0.000,0.02,0.01803,0
74,0.000,0.00,0.03128,0
75,0.000,0.01,0.04241,0
76,0.000,0.00,0.00321,0
77,0.000,0.01,0.04241,0
78,0.000,0.01,0.01435,0
79,0.000,0.02,0.01497,0
80,0.000,0.00,0.00078,0
81,0.000,0.00,0.05989,0
82,0.000,0.00,0.00102,0
83,0.215,0.00,0.14533,1
84,0.000,0.00,0.00165,0
85,0.416,0.57,0.36607,0
86,0.355,0.00,0.01466,0
87,1.000,0.69,0.58407,0
88,0.616,0.18,0.05424,0
89,0.355,0.48,0.20036,0
90,0.466,0.3,0.41248,0
91,0.466,0.23,0.43913,0
92,0.751,0.48,0.81924,0
93,0.616,0.51,0.12503,1
94,0.304,0.42,0.15544,1
95,0.317,0.28,0.01019,0
96,0.128,0.33,0.02054,0
97,0.215,0.68,0.05291,0
98,0.000,0.00,0.01121,0
99,0.000,0.29,0.03284,0
100,0.000,0.00,0.00572,0
101,0.000,0.05,0.01513,0
102,0.000,0.00,0.00604,0
103,0.000,0.03,0.02265,0
104,0.000,0.00,0.01881,0
105,0.000,0.07,0.05762,0
106,0.000,0.00,0.01732,0
107,0.000,0.07,0.08239,0
108,0.000,0.00,0.04053,0
109,0.000,0.25,0.08301,0
110,0.000,0.27,0.15513,0
111,0.000,0.00,0.06749,0
112,0.000,0.16,0.18656,0
113,0.024,0.00,0.17253,0
114,0.000,0.42,0.24057,0
115,0.000,0.32,0.27969,0
116,0.000,0.13,0.25515,0
117,0.000,0.07,0.22074,0
118,0.000,0.03,0.13859,0
119,0.000,0.04,0.12307,0
120,0.000,0.03,0.06608,0
121,0.000,0.06,0.09234,0
122,0.000,0.04,0.06828,0
123,0.000,0.11,0.01921,0
124,0.000,0.00,0.21494,0
125,0.000,0.11,0.09548,0
126,0.000,0.00,0.00204,0
127,0.000,0.39,0.12166,0
128,0.000,0.00,0.01552,0
129,0.000,0.14,0.11186,0
130,0.000,0.00,0.04813,0
131,0.000,0.07,0.07612,0
132,0.000,0.03,0.03692,0
133,0.000,0.00,0.00321,0
134,0.000,0.22,0.05566,0
135,0.024,0.04,0.04311,0
136,0.000,0.29,0.04719,0
137,0.000,0.00,0.00321,0
138,0.000,0.14,0.03237,0
139,0.000,0.03,0.00666,0
140,0.000,0.05,0.00705,0
141,0.000,0.00,0.00196,0
142,0.000,0.11,0.03661,0
143,0.000,0.12,0.03418,0
144,0.000,0.12,0.03998,0
145,0.000,0.21,0.04452,0
146,0.000,0.2,0.02179,0
147,0.000,0.15,0.02211,0
148,0.000,0.16,0.01184,0
149,0.000,0.16,0.01968,0
150,0.000,0.31,0.01529,0
151,0.000,0.51,0.02932,0
152,0.000,0.41,0.05189,0
153,0.000,0.34,0.02516,0
154,0.000,0.33,0.05409,0
155,0.000,0.36,0.02728,0
156,0.000,0.07,0.04782,0
157,0.000,0.03,0.05409,0
158,0.000,0.03,0.04202,0
159,0.000,0.03,0.03731,0
160,0.000,0.03,0.04123,0
161,0.000,0.02,0.01536,0
162,0.000,0.02,0.03222,0
163,0.000,0.00,0.01693,0
164,0.000,0.00,0.04907,0
165,0.000,0.03,0.04327,0
166,0.000,0.00,0.02916,0
167,0.000,0.08,0.07972,0
168,0.000,0.00,0.01340,0
169,0.000,0.16,0.11021,0
170,0.000,0.00,0.00447,0
171,0.000,0.07,0.01740,0
172,0.000,0.00,0.01435,0
173,0.000,0.18,0.01873,0
174,0.035,0.05,0.14690,0
175,0.024,0.07,0.06381,0
176,0.000,0.11,0.02124,0
177,0.052,0.08,0.02085,0
178,0.039,0.00,0.01787,0
179,0.035,0.05,0.05370,0
180,0.000,0.00,0.01842,0
181,0.024,0.08,0.07956,0
182,0.000,0.00,0.00,0
183,0.000,0.00,0.03966,0
184,0.000,0.00,0.00039,0
185,0.024,0.06,0.04068,0
186,0.000,0.00,0.05675,0
187,0.024,0.13,0.04413,0
188,0.024,0.27,0.10026,0
189,0.024,0.08,0.08552,0
190,0.024,0.1,0.11123,0
191,0.000,0.05,0.07878,0
192,0.000,0.04,0.09422,0
193,0.000,0.02,0.16940,0
194,0.024,0.02,0.16289,0
195,0.024,0.00,0.22145,0
196,0.039,0.06,0.21863,0
197,0.052,0.07,0.23446,0
198,0.052,0.23,0.18625,0
199,0.035,0.34,0.18359,0
