predus	ispred	dockpred	logreg
0.0	0.02	0.033	0.023
0.0	0.08	0.019	0.026
0.0	0.02	0.076	0.026
0.0	0.03	0.105	0.028
0.0	0.0	0.008	0.021
0.079	0.02	0.07	0.028
0.131	0.05	0.096	0.035
0.0	0.02	0.041	0.024
0.0	0.04	0.069	0.027
0.0	0.01	0.052	0.024
0.037	0.01	0.107	0.028
0.0	0.01	0.111	0.027
0.061	0.01	0.341	0.051
0.0	0.04	0.056	0.026
0.079	0.02	0.053	0.027
0.194	0.02	0.051	0.032
0.13	0.01	0.092	0.031
0.116	0.01	0.201	0.04
0.0	0.98	0.424	0.44
0.245	0.81	0.366	0.387
0.554	0.93	0.45	0.63
0.217	0.97	0.437	0.524
0.0	0.93	0.204	0.288
0.0	0.99	0.425	0.447
0.0	0.36	0.078	0.061
0.0	0.92	0.418	0.398
0.0	0.09	0.124	0.034
0.146	0.36	0.266	0.114
0.164	0.0	0.171	0.039
0.164	0.0	0.101	0.033
0.164	0.97	0.786	0.702
0.201	0.92	1.0	0.785
0.339	0.24	0.77	0.298
0.103	0.03	0.477	0.077
0.0	0.06	0.36	0.055
0.141	0.06	0.7	0.141
0.371	0.0	0.079	0.042
0.4	0.58	0.165	0.211
0.0	0.0	0.015	0.021
0.0	0.0	0.113	0.027
0.0	0.0	0.005	0.021
0.0	0.92	0.122	0.244
0.0	0.9	0.176	0.258
0.548	0.98	0.201	0.514
0.282	0.0	0.039	0.034
0.0	0.0	0.075	0.024
0.0	0.0	0.006	0.021
0.0	0.0	0.044	0.023
0.0	0.0	0.035	0.022
0.0	0.0	0.024	0.022
0.0	0.68	0.081	0.134
0.371	0.97	0.218	0.451
0.548	0.9	0.179	0.448
0.0	0.0	0.044	0.023
0.0	0.0	0.01	0.021
0.0	0.98	0.124	0.276
0.0	0.0	0.087	0.025
0.282	0.94	0.229	0.404
0.371	0.97	0.454	0.592
0.371	0.6	0.186	0.221
0.0	0.29	0.108	0.055
0.4	0.88	0.343	0.477
0.0	0.53	0.274	0.142
0.0	0.0	0.371	0.048
0.668	0.94	1.0	0.887
0.399	0.94	0.623	0.677
0.399	0.98	0.162	0.434
0.188	0.94	0.787	0.693
0.399	0.96	0.668	0.712
0.527	0.96	0.834	0.818
1.0	0.99	0.541	0.831
0.882	0.89	0.233	0.6
0.668	0.91	0.063	0.43
0.242	0.89	0.014	0.249
0.0	0.91	0.144	0.249
0.242	0.98	0.052	0.316
0.527	0.98	0.075	0.431
0.0	0.89	0.262	0.295
0.188	0.99	0.779	0.717
0.404	0.98	0.685	0.732
0.0	0.95	0.403	0.408
0.404	0.88	0.152	0.366
0.0	0.0	0.024	0.022
0.114	0.14	0.034	0.037
0.242	0.1	0.025	0.04
0.0	0.91	0.07	0.217
0.0	0.89	0.081	0.213
0.0	0.97	0.238	0.328
0.0	0.97	0.212	0.314
0.0	0.0	0.088	0.025
0.0	0.99	0.032	0.238
0.0	0.35	0.041	0.055
0.0	0.11	0.144	0.038
0.0	0.74	0.133	0.17
0.0	0.88	0.333	0.326
0.191	0.94	0.025	0.265
0.0	0.9	0.269	0.304
0.0	0.0	0.151	0.029
0.0	0.98	0.029	0.232
0.0	0.84	0.042	0.177
0.191	0.53	0.096	0.126
0.0	0.96	0.303	0.357
0.0	0.81	0.381	0.311
0.0	0.98	0.576	0.531
0.0	0.95	0.773	0.628
0.0	0.97	0.374	0.404
0.073	0.99	0.608	0.585
0.16	0.0	0.637	0.11
0.422	0.97	0.158	0.434
0.432	0.98	0.265	0.509
0.62	0.98	0.332	0.618
0.0	0.98	1.0	0.759
1.0	0.0	0.762	0.376
0.001	0.0	0.638	0.088
0.373	0.78	0.992	0.763
0.133	0.99	0.667	0.64
0.085	0.95	0.617	0.568
0.12	0.98	0.847	0.724
0.706	0.98	0.916	0.883
1.0	0.03	0.819	0.428
0.524	0.02	0.672	0.198
0.721	0.01	1.0	0.418
0.695	0.06	0.942	0.406
0.721	0.04	0.091	0.08
0.644	0.1	0.131	0.09
0.605	0.03	0.136	0.073
0.143	0.02	0.249	0.047
0.721	0.03	0.201	0.099
0.421	0.03	0.135	0.056
0.405	0.0	0.286	0.071
0.0	0.13	0.913	0.21
0.019	0.68	0.423	0.266
0.612	0.0	0.468	0.141
1.0	0.99	0.964	0.932
0.255	0.98	0.671	0.678
0.667	0.97	0.897	0.869
0.377	0.94	0.77	0.743
0.366	0.95	1.0	0.836
0.052	0.64	0.373	0.233
0.112	0.59	0.517	0.292
0.166	0.98	0.412	0.496
0.185	0.86	0.48	0.464
0.278	0.9	0.585	0.589
1.0	0.98	0.672	0.868
0.57	0.92	1.0	0.865
0.649	0.95	0.952	0.875
0.032	0.63	0.833	0.466
0.032	0.23	0.469	0.111
0.131	0.97	0.063	0.281
0.0	0.02	0.012	0.022
0.0	0.08	0.052	0.028
0.0	0.1	0.139	0.037
0.0	0.12	0.113	0.036
0.0	0.66	0.145	0.146
0.0	0.97	0.094	0.256
0.0	0.95	0.08	0.24
0.0	0.82	0.036	0.167
0.0	0.45	0.058	0.073
0.0	0.0	0.057	0.023
0.0	0.16	0.151	0.044
0.0	0.1	0.177	0.04
0.0	0.0	0.098	0.026
0.0	0.36	0.183	0.078
0.217	0.96	0.313	0.442
0.171	0.99	0.58	0.604
0.287	0.9	0.81	0.714
0.217	0.0	0.301	0.056
0.13	0.98	0.464	0.513
0.13	0.97	0.356	0.442
0.217	0.94	0.237	0.385
0.217	0.96	0.324	0.449
0.079	0.95	0.178	0.311
0.0	0.91	0.158	0.255
0.0	0.96	0.103	0.255
0.0	0.18	0.054	0.037
0.037	0.43	0.019	0.067
0.131	0.98	0.056	0.283
0.287	0.98	0.048	0.329
0.325	0.96	0.05	0.331
1.0	0.98	0.05	0.594
0.507	0.97	0.054	0.405
0.612	0.98	0.059	0.453
0.659	0.99	0.051	0.472
0.285	0.98	0.086	0.349
0.186	0.91	0.041	0.256
0.255	0.89	0.045	0.268
0.0	0.78	0.209	0.215
0.0	0.9	0.103	0.226
0.0	0.97	0.082	0.251
0.0	0.8	0.031	0.158
0.079	0.98	0.409	0.461
0.037	0.98	0.211	0.332
0.0	0.93	0.011	0.202
0.0	0.1	0.199	0.042
0.173	0.98	0.374	0.476
0.079	0.86	0.146	0.247
0.0	0.0	0.046	0.023
0.014	0.1	0.459	0.077
0.014	0.98	0.419	0.442
0.014	0.96	0.222	0.318
0.014	0.94	0.354	0.378
0.021	0.97	0.737	0.627
0.024	0.95	1.0	0.751
0.024	0.98	0.726	0.628
0.021	0.91	0.622	0.521
0.0	0.54	0.245	0.136
0.0	0.95	0.473	0.449
0.0	0.03	0.007	0.022
0.0	0.1	0.01	0.027
0.0	0.87	0.127	0.223
0.0	0.49	0.037	0.077
0.0	0.24	0.061	0.044
0.0	0.15	0.072	0.035
0.0	0.1	0.122	0.035
0.0	0.08	0.013	0.026
0.0	0.38	0.02	0.056
0.0	0.37	0.01	0.054
0.0	0.52	0.02	0.08
0.0	0.79	0.019	0.151
0.0	0.9	0.02	0.193
0.621	0.97	0.992	0.886
0.421	0.0	0.122	0.05
0.0	0.96	0.126	0.266
0.0	0.0	0.03	0.022
0.0	0.99	0.194	0.317
0.0	0.96	0.063	0.238
0.0	0.26	0.014	0.041
0.0	0.51	0.016	0.077
0.0	0.64	0.015	0.106
0.0	0.96	0.036	0.226
0.0	0.9	0.031	0.197
0.0	0.18	0.046	0.036
0.0	0.99	0.058	0.25
0.0	0.83	0.069	0.183
0.171	0.97	0.106	0.315
0.0	0.67	0.034	0.118
0.0	0.69	0.209	0.177
0.0	0.85	0.024	0.174
0.185	0.01	0.369	0.065
0.0	0.03	0.083	0.027
0.104	0.1	0.072	0.036
0.104	0.04	0.547	0.092
0.166	0.01	0.228	0.045
0.173	0.04	0.195	0.046
0.603	0.03	0.218	0.087
0.603	0.03	0.446	0.142
1.0	0.06	0.513	0.279
0.649	0.0	0.296	0.102
0.649	0.22	0.913	0.476
0.706	0.22	1.0	0.551
0.0	0.06	0.392	0.059
0.0	0.26	0.295	0.078
0.0	0.57	0.392	0.196
0.563	0.88	0.035	0.357
0.565	0.97	0.358	0.607
0.606	0.98	0.124	0.49
0.0	0.97	0.044	0.234
0.0	0.95	0.059	0.231
0.073	0.68	0.016	0.129
0.0	0.53	0.036	0.085
0.0	0.9	0.04	0.201
0.073	0.0	0.007	0.023
0.159	0.73	0.023	0.163
0.029	0.83	0.088	0.196
0.0	0.79	0.041	0.158
0.0	0.21	0.235	0.06
0.0	0.0	0.077	0.024
0.0	0.15	0.214	0.049
0.0	0.7	0.351	0.238
0.369	0.95	0.794	0.757
0.0	0.0	0.098	0.026
0.104	0.0	0.165	0.035
0.0	0.59	0.285	0.166
0.0	0.0	0.136	0.028
0.0	0.42	0.19	0.091
0.0	0.71	0.232	0.194
0.0	0.0	0.052	0.023
0.112	0.95	0.433	0.468
0.0	0.65	0.185	0.155
0.104	0.83	0.356	0.344
0.0	0.6	0.332	0.186
0.108	0.45	0.371	0.166
0.0	0.85	0.286	0.285
0.131	0.09	0.123	0.042
0.185	0.84	0.565	0.502
0.278	0.85	0.58	0.553
0.258	0.0	0.115	0.039
0.0	0.0	0.45	0.058
0.603	0.75	0.797	0.725
1.0	0.88	0.934	0.905
0.0	0.0	0.13	0.028
0.0	0.0	0.118	0.027
0.389	0.98	0.831	0.792
0.389	0.98	0.386	0.565
0.958	0.0	0.433	0.203
0.0	0.0	0.01	0.021
0.0	0.55	0.033	0.089
0.0	0.75	0.039	0.144
0.0	0.68	0.046	0.124
0.0	0.78	0.053	0.158
0.0	0.0	0.013	0.021
0.0	0.86	0.036	0.183
0.282	0.97	0.059	0.328
0.548	0.95	0.057	0.408
0.0	0.88	0.081	0.208
0.079	0.92	0.063	0.24
0.0	0.64	0.038	0.111
0.368	0.97	0.223	0.452
0.0	0.13	0.034	0.031
0.0	0.98	0.023	0.23
0.0	0.17	0.043	0.035
0.0	0.08	0.036	0.027
0.169	0.97	0.008	0.266
0.0	0.87	0.066	0.198
0.0	0.58	0.043	0.097
0.0	0.98	0.043	0.239
0.0	0.0	0.006	0.021
0.0	0.02	0.03	0.023
0.0	0.03	0.103	0.028
0.0	0.2	0.109	0.044
0.0	0.95	0.179	0.286
0.131	0.95	0.411	0.462
0.368	0.39	0.311	0.179
0.81	0.98	0.361	0.699
0.872	0.94	0.597	0.802
0.466	0.95	0.265	0.501
0.117	0.55	0.066	0.112
0.0	0.0	0.014	0.021
0.0	0.05	0.045	0.026
0.0	0.4	0.027	0.06
0.0	0.0	0.01	0.021
0.0	0.54	0.085	0.097
0.0	0.26	0.055	0.045
0.0	0.14	0.211	0.048
0.0	0.02	0.215	0.035
0.0	0.03	0.13	0.03
0.0	0.07	0.795	0.146
0.079	0.34	0.37	0.124
0.279	0.83	1.0	0.764
0.0	0.05	0.071	0.027
0.371	0.01	0.365	0.083
0.371	0.04	0.659	0.167
0.4	0.07	0.61	0.167
0.0	0.36	0.455	0.14
0.0	0.05	0.414	0.061
0.0	0.14	0.176	0.044
0.0	0.13	0.112	0.037
0.0	0.08	0.046	0.028
0.0	0.02	0.08	0.026
0.0	0.02	0.172	0.032
0.0	0.92	0.239	0.3
0.0	0.68	0.313	0.213
0.0	0.96	0.212	0.309
0.0	0.64	0.252	0.173
0.0	0.93	0.207	0.29
0.0	0.97	0.263	0.341
0.0	0.82	0.54	0.405
0.341	0.95	0.667	0.687
0.193	0.98	0.834	0.74
0.273	0.96	0.347	0.484
0.187	0.86	0.556	0.511
0.273	0.95	0.284	0.44
1.0	0.96	1.0	0.932
0.287	0.96	0.744	0.714
0.0	0.0	0.02	0.021
0.628	0.02	0.063	0.062
1.0	0.12	0.063	0.133
0.426	0.02	0.074	0.048
0.535	0.02	0.018	0.049
0.704	0.02	0.021	0.063
0.194	0.0	0.009	0.028
0.458	0.05	0.053	0.051
0.676	0.03	0.067	0.069
0.653	0.05	0.027	0.064
0.166	0.95	0.151	0.326
0.084	0.98	0.154	0.318
0.117	0.6	0.179	0.159
0.0	0.05	0.104	0.03
0.117	0.16	0.091	0.045
0.117	0.22	0.204	0.068
0.085	0.03	0.132	0.034
0.117	0.03	0.312	0.054
0.032	0.86	0.533	0.438
0.099	0.92	0.466	0.463
0.244	0.52	0.299	0.198
0.166	0.46	0.128	0.11
0.185	0.99	0.318	0.453
0.347	0.82	0.574	0.556
0.347	0.93	1.0	0.824
0.322	0.94	0.512	0.588
0.0	0.0	0.197	0.032
0.052	0.98	0.351	0.416
0.0	0.0	0.041	0.022
0.0	0.04	0.041	0.025
0.0	0.02	0.137	0.03
0.0	0.09	0.254	0.046
0.0	0.07	0.303	0.049
0.0	0.05	0.149	0.033
0.0	0.05	0.359	0.053
0.0	0.1	0.238	0.046
0.0	0.0	0.303	0.041
0.0	0.12	0.037	0.03
0.0	0.02	0.132	0.029
0.0	0.02	0.103	0.027
0.0	0.02	0.179	0.033
0.4	0.02	0.083	0.047
0.0	0.0	0.22	0.034
0.0	0.01	0.412	0.055
0.0	0.01	0.452	0.06
0.416	0.09	0.431	0.124
0.416	0.05	0.617	0.166
0.548	0.26	0.871	0.44
0.279	0.0	0.353	0.069
0.918	0.44	0.614	0.545
0.051	0.0	0.357	0.051
0.079	0.02	0.442	0.067
0.0	0.02	0.337	0.047
0.0	0.01	0.682	0.1
0.0	0.01	0.178	0.032
0.0	0.0	0.018	0.021
0.0	0.01	0.429	0.057
