148,0.001, 0.06,0.11762,0
149,0.000, 0.03,0.10349,0
150,0.000, 0.02,0.07429,0
151,0.000, 0.01,0.09887,0
152,0.000, 0.01,0.03341,0
153,0.000, 0.01,0.05270,0
154,0.001, 0.02,0.13446,0
155,0.000, 0.01,0.13527,0
156,0.000, 0.01,0.02893,0
157,0.000, 0.21,0.07239,0
158,0.001, 0.03,0.06913,0
159,0.000, 0.00,0.04088,0
160,0.000, 0.88,0.08950,0
161,0.000, 0.58,0.00,1
162,0.000, 0.00,0.00095,0
163,0.000, 0.00,0.09914,0
164,0.001, 0.19,0.06777,1
165,0.000, 0.3,0.27149,0
166,0.001, 0.7,0.28928,1
167,0.001, 0.74,0.27027,1
168,0.001, 0.24,0.09724,0
169,0.001, 0.61,0.07592,0
170,0.001, 0.65,0.00122,1
171,0.000, 0.00,0.01358,0
172,0.000, 0.09,0.05840,0
173,0.000, 0.04,0.06098,0
174,0.000, 0.02,0.00041,0
175,0.000, 0.00,0.06913,0
176,0.000, 0.01,0.10770,0
177,0.000, 0.01,0.08583,0
178,0.000, 0.00,0.09874,0
179,0.000, 0.03,0.13446,0
180,0.000, 0.01,0.00054,0
181,0.000, 0.00,0.00367,0
182,0.000, 0.00,0.04007,0
183,0.000, 0.00,0.09426,0
184,0.000, 0.01,0.08298,0
185,0.000, 0.01,0.00041,0
186,0.000, 0.00,0.01562,0
187,0.000, 0.00,0.08475,0
188,0.000, 0.01,0.04183,0
189,0.001, 0.02,0.00,0
190,0.000, 0.00,0.05759,0
191,0.000, 0.03,0.06764,0
192,0.000, 0.06,0.04428,0
193,0.000, 0.00,0.00041,0
194,0.000, 0.00,0.02771,0
195,0.000, 0.00,0.04088,0
196,0.000, 0.01,0.01182,0
197,0.000, 0.00,0.04156,0
198,0.000, 0.01,0.07918,0
199,0.001, 0.01,0.08746,0
200,0.000, 0.01,0.24637,0
201,0.001, 0.04,0.07728,0
202,0.000, 0.03,0.06017,1
203,0.001, 0.02,0.08760,0
204,0.000, 0.15,0.08570,0
205,0.000, 0.02,0.00027159,1
206,0.000, 0.00,0.08556,0
207,0.000, 0.02,0.12386,0
208,0.000, 0.04,0.00081,1
209,0.000, 0.00,0.00,0
210,0.000, 0.00,0.18294,0
211,0.000, 0.00,0.00109,0
212,0.000, 0.00,0.00516,0
213,0.000, 0.00,0.03355,0
214,0.000, 0.00,0.00163,0
215,0.000, 0.00,0.00149,0
216,0.000, 0.00,0.09656,0
217,0.000, 0.01,0.38585,0
218,0.000, 0.00,0.01182,0
219,0.000, 0.00,0.02322,0
220,0.000, 0.00,0.41437,0
221,0.001, 0.02,0.31740,0
222,0.001, 0.02,0.00788,0
223,0.000, 0.00,0.17737,0
224,0.000, 0.02,0.38530,0
225,0.000, 0.01,0.22953,0
226,0.000, 0.07,0.21676,0
227,0.001, 0.11,0.07592,0
228,0.000, 0.03,0.08869,0
229,0.000, 0.02,0.01385,0
230,0.000, 0.01,0.14410,0
231,0.000, 0.02,0.08461,0
232,0.000, 0.01,0.03450,0
233,0.000, 0.00,0.03015,0
234,0.000, 0.00,0.08380,0
235,0.000, 0.01,0.14505,0
236,0.000, 0.01,0.21255,0
237,0.000, 0.00,0.00204,0
238,0.000, 0.00,0.04224,0
239,0.001, 0.01,0.31360,0
240,0.000, 0.02,0.23197,0
241,0.000, 0.00,0.22803,0
242,0.001, 0.01,0.21445,0
243,0.000, 0.02,0.24338,0
244,0.000, 0.01,0.35828,0
245,0.889, 0.01,0.25234,0
246,0.000, 0.03,0.32962,0
247,0.889, 0.01,0.43461,0
248,0.889, 0.04,0.26117,0
249,0.001, 0.01,0.21622,0
250,0.000, 0.02,0.28114,0
251,0.676, 0.01,0.34510,0
252,0.000, 0.00,0.22654,0
253,0.000, 0.01,0.15496,0
254,0.000, 0.01,0.39590,0
255,0.000, 0.01,0.07130,0
256,0.000, 0.00,0.07225,0
257,0.001, 0.01,0.04998,0
258,0.000, 0.01,0.05908,0
259,0.000, 0.00,0.04808,0
260,0.000, 0.00,0.04210,0
261,0.000, 0.01,0.13649,0
262,0.000, 0.01,0.02064,0
263,0.000, 0.00,0.03613,0
264,0.000, 0.01,0.03205,0
265,0.000, 0.01,0.11381,0
266,0.000, 0.01,0.00720,0
267,0.000, 0.00,0.09045,0
268,0.001, 0.01,0.06709,0
269,0.001, 0.02,0.07212,0
270,0.000, 0.01,0.16841,0
271,0.000, 0.01,0.11408,0
272,0.000, 0.06,0.06166,0
273,0.000, 0.05,0.13649,0
274,0.404, 0.1,0.37050,0
275,0.597, 0.11,0.08122,0
276,0.000, 0.03,0.07252,0
277,0.404, 0.01,0.51895,0
278,1.000, 0.02,0.37376,0
279,0.597, 0.01,0.05677,0
280,0.000, 0.01,0.09629,0
281,0.404, 0.01,0.44493,0
282,0.404, 0.01,0.12889,0
283,0.190, 0.01,0.14437,0
284,0.190, 0.01,0.48445,0
285,0.281, 0.01,0.54665,0
286,0.074, 0.01,0.30640,0
287,0.074, 0.01,0.27923,0
288,0.000, 0.01,0.35651,0
289,0.000, 0.01,0.20522,0
290,0.000, 0.01,0.18607,0
291,0.000, 0.01,0.19517,0
292,0.000, 0.05,0.04129,0
293,0.000, 0.00,0.45471,0
294,0.000, 0.01,0.41899,0
295,0.000, 0.01,0.17452,0
296,0.000, 0.02,0.02458,0
297,0.000, 0.00,0.53782,0
298,0.000, 0.02,0.38327,0
299,0.000, 0.01,0.19530,0
300,0.000, 0.02,0.14872,0
301,0.000, 0.00,0.12386,0
302,0.000, 0.01,0.15890,0
303,0.000, 0.06,0.15266,0
304,0.000, 0.01,0.12183,0
305,0.000, 0.00,0.64457,0
306,0.000, 0.01,0.80049,0
307,0.000, 0.02,0.95858,0
308,0.000, 0.07,0.99837,0
316,0.415, 0.06,0.75160,0
317,0.471, 0.08,0.36724,0
318,0.415, 0.01,0.34728,0
319,0.471, 0.02,0.39223,0
320,0.184, 0.01,0.38205,0
321,0.184, 0.02,0.10987,0
322,0.315, 0.01,0.35448,0
323,0.315, 0.03,0.30843,0
324,0.281, 0.24,0.22518,0
325,0.190, 0.03,0.23835,0
326,0.190, 0.02,0.24963,0
327,0.074, 0.03,0.28575,0
328,0.074, 0.06,0.08556,0
329,0.190, 0.00,0.32663,0
330,0.074, 0.07,0.35257,0
331,0.074, 0.47,0.19204,0
332,0.074, 0.00,0.17927,0
333,0.074, 0.07,0.23863,0
334,0.074, 0.08,0.29254,0
335,0.000, 0.31,0.06777,0
336,0.074, 0.00,0.19734,0
337,0.000, 0.46,0.18892,0
338,0.000, 0.28,0.19123,0
339,0.000, 0.00,0.60098,0
340,0.000, 0.04,0.73557,0
341,0.074, 0.05,1.00000,0
342,0.074, 0.04,0.87342,0
343,0.074, 0.18,0.43895,0
344,0.074, 0.04,0.92231,0
345,0.000, 0.02,0.50333,0
346,0.000, 0.02,0.31251,0
347,0.000, 0.02,,0
348,0.000,null,,0
