1,0.000, 0.03
2,0.000, 0.00
3,0.000, 0.00
4,0.000, 0.00
5,0.000, 0.00
6,0.000, 0.00
7,0.000, 0.00
8,0.000, 0.00
9,0.000, 0.02
10,0.111, 0.03
11,0.001, 0.00
12,0.243, 0.02
13,0.243, 0.02
14,0.243, 0.02
15,0.243, 0.01
16,0.243, 0.02
17,0.184, 0.01
18,0.001, 0.00
19,0.000, 0.00
20,0.243, 0.01
21,0.243, 0.01
22,0.000, 0.00
23,0.000, 0.02
24,0.000, 0.01
25,0.000, 0.01
26,0.000, 0.00
27,0.000, 0.01
28,0.000, 0.02
29,0.000, 0.00
30,0.000, 0.01
31,0.000, 0.01
32,0.000, 0.00
33,0.000, 0.01
34,0.000, 0.00
35,0.000, 0.01
36,0.000, 0.00
37,0.000, 0.00
38,0.000, 0.00
39,0.000, 0.00
40,0.000, 0.00
41,0.000, 0.00
42,0.000, 0.00
43,0.000, 0.00
44,0.000, 0.00
45,0.000, 0.02
46,0.000, 0.26
47,0.000, 0.06
48,0.000, 0.06
49,0.000, 0.00
50,0.000, 0.00
51,0.000, 0.00
52,0.285, 0.00
53,0.000, 0.00
54,0.000, 0.00
55,0.000, 0.02
56,0.000, 0.00
57,0.000, 0.00
58,0.000, 0.03
59,0.000, 0.00
60,0.000, 0.01
61,0.000, 0.01
62,0.000, 0.00
63,0.184, 0.01
64,0.000, 0.00
65,0.111, 0.00
66,0.000, 0.01
67,0.000, 0.01
68,0.000, 0.01
69,0.000, 0.0
70,0.000, 0.00
71,0.000, 0.01
72,0.000, 0.01
73,0.000, 0.00
74,0.000, 0.00
75,0.000, 0.01
76,0.000, 0.01
77,0.000, 0.00
78,0.000, 0.01
79,0.000, 0.01
80,0.000, 0.01
81,0.000, 0.01
82,0.000, 0.00
83,0.000, 0.01
84,0.000, 0.00
85,0.000, 0.00
86,0.000, 0.00
87,0.000, 0.00
88,0.000, 0.00
89,0.000, 0.00
90,0.000, 0.00
91,0.000, 0.00
92,0.000, 0.00
93,0.000, 0.00
94,0.111, 0.00
95,0.111, 0.01
96,0.111, 0.01
97,0.164, 0.01
98,0.184, 0.02
99,0.243, 0.02
100,0.471, 0.1
101,0.622, 0.11
102,0.622, 0.04
103,0.395, 0.03
104,0.705, 0.04
105,0.000, 0.00
106,0.111, 0.03
107,0.000, 0.00
108,0.000, 0.04
109,0.000, 0.00
110,0.000, 0.05
111,0.000, 0.00
112,0.000, 0.1
113,0.000, 0.03
114,0.000, 0.04
115,0.000, 0.05
116,0.000, 0.00
117,0.000, 0.06
118,0.000, 0.00
119,0.000, 0.05
120,0.000, 0.00
121,0.000, 0.14
122,0.000, 0.00
123,0.000, 0.00
124,0.000, 0.00
125,0.111, 0.91
126,0.420, 0.36
127,0.184, 0.00
128,1.000, 0.97
129,0.622, 0.93
130,0.395, 0.64
131,0.000, 0.00
132,0.111, 0.17
133,0.164, 0.11
134,0.000, 0.18
135,0.000, 0.00
136,0.000, 0.15
137,0.000, 0.5
138,0.000, 0.44
139,0.000, 0.17
140,0.000, 0.86
141,0.000, 0.82
142,0.285, 0.86
143,0.285, 0.96
144,0.605, 0.96
145,0.111, 0.98
146,0.000, 0.00
147,0.001, 0.00
148,0.000, 0.00
149,0.000, 0.00
150,0.000, 0.00
151,0.000, 0.00
152,0.000, 0.45
153,0.000, 0.00
154,0.000, 0.65
155,0.000, 0.21
156,0.000, 0.00
157,0.000, 0.00
158,0.000, 0.27
159,0.000, 0.00
160,0.000, 0.00
161,0.000, 0.00
162,0.000, 0.05
163,0.000, 0.00
164,0.000, 0.00
165,0.000, 0.02
166,0.000, 0.03
167,0.000, 0.00
168,0.000, 0.02
169,0.000, 0.02
170,0.000, 0.03
171,0.000, 0.00
172,0.000, 0.02
173,0.000, 0.00
174,0.000, 0.04
175,0.000, 0.00
176,0.000, 0.00
177,0.000, 0.00
178,0.000, 0.00
179,0.000, 0.00
180,0.000, 0.96
181,0.000, 0.00
182,0.000, 0.71
183,0.000, 0.00
184,0.000, 0.00
185,0.000, 0.09
186,0.000, 0.00
187,0.000, 0.07
188,0.000, 0.00
189,0.000, 0.00
190,0.000, 0.03
191,0.000, 0.05
192,0.000, 0.00
193,0.000, 0.00
194,0.000, 0.02
195,0.000, 0.03
196,0.000, 0.00
197,0.000, 0.06
198,0.000, 0.00
199,0.000, 0.04
200,0.000, 0.00
201,0.000, 0.00
202,0.000, 0.00
203,0.000, 0.00
204,0.000, 0.00
205,0.000, 0.00
206,0.000, 0.95
207,0.000, 0.88
208,0.000, 0.96
209,0.000, 0.00
210,0.000, 0.91
211,1.000, 0.96
212,0.184, 0.96
213,0.184, 0.96
214,0.471, 0.97
215,0.164, 0.97
216,0.420, 0.97
217,0.184, 0.00
218,0.420, 0.96
219,0.605, 0.68
220,0.000, 0.29
221,0.000, 0.00
222,0.000, 0.1
223,0.001, 0.21
224,0.000, 0.00
225,0.000, 0.00
226,0.000, 0.89
227,0.000, 0.21
228,0.000, 0.00
229,0.000, 0.21
230,0.000, 0.48
231,0.000, 0.00
232,0.000, 0.00
233,0.000, 0.25
234,0.000, 0.16
235,0.000, 0.00
236,0.000, 0.03
237,0.000, 0.03
238,0.000, 0.03
239,0.000, 0.02
240,0.000, 0.02
241,0.000, 0.00
242,0.000, 0.00
243,0.000, 0.00
244,0.000, 0.00
245,0.000, 0.00
246,0.000, 0.00
247,0.000, 0.00
248,0.000, 0.00
249,0.000, 0.00
250,0.000, 0.00
251,0.000, 0.00
252,0.000, 0.00
253,0.000, 0.00
254,0.000, 0.00
255,0.000, 0.00
256,0.000, 0.00
257,0.000, 0.03
258,0.000, 0.05
259,0.000, 0.08
260,0.000, 0.00
261,0.000, 0.38
262,0.000, 0.00
263,0.000, 0.00
264,0.000, 0.08
265,0.000, 0.04
266,0.000, 0.03
267,0.000, 0.03
268,0.000, 0.02
269,0.000, 0.02
270,0.000, 0.00
271,0.000, 0.00
272,0.000, 0.00
273,0.000, 0.00
274,0.000, 0.00
275,0.000, 0.03
276,0.000, 0.03
277,0.000, 0.04
278,0.000, 0.03
279,0.000, 0.00
280,0.000, 0.00
281,0.000, 0.00
282,0.000, 0.00
283,0.000, 0.00
284,0.000, 0.00
285,0.000, 0.00
286,0.000, 0.00
287,0.000, 0.00
288,0.000, 0.00
289,0.000, 0.00
290,0.000, 0.00
291,0.000, 0.00
292,0.000, 0.29
293,0.000, 0.97
294,0.000, 0.95
295,0.000, 0.93
296,0.000, 0.96
297,0.000, 0.97
298,0.000, 0.85
299,0.000, 0.00
300,0.000, 0.00
301,0.000, 0.2
302,0.000, 0.07
303,0.000, 0.02
304,0.000, 0.00
305,0.000, 0.00
306,0.000, 0.00
307,0.000, 0.00
308,0.000, 0.00
309,0.000, 0.00
310,0.000, 0.00
311,0.000, 0.00
312,0.000, 0.00
313,0.000, 0.00
314,0.000, 0.00
315,0.000, 0.00
316,0.000, 0.00
317,0.000, 0.00
318,0.000, 0.00
319,0.000, 0.00
320,0.000, 0.00
321,0.000, 0.00
322,0.000, 0.00
323,0.111, 0.00
324,0.000, 0.00
325,0.000, 0.00
326,0.111, 0.01
327,0.111, 0.05
328,0.111, 0.09
329,0.000, 0.05
330,0.000, 0.00
331,0.000, 0.07
332,0.000, 0.08
333,0.000, 0.11
334,0.000, 0.00
335,0.000, 0.02
336,0.000, 0.02
337,0.000, 0.00
338,0.000, 0.00
339,0.000, 0.01
340,0.000, 0.00
341,0.000, 0.00
342,0.000, 0.02
343,0.000, 0.03
344,0.000, 0.00
345,0.000, 0.02
346,0.000, 0.00
347,0.000, 0.06
348,0.000, 0.02
349,0.000, 0.02
350,0.000, 0.00
351,0.000, 0.01
352,0.000, 0.02
353,0.000, 0.01
354,0.000, 0.00
355,0.000, 0.04
356,0.000, 0.02
357,0.000, 0.08
358,0.000, 0.05
359,0.000, 0.04
360,0.000, 0.04
361,0.000, 0.00
362,0.000, 0.00
363,0.000, 0.00
364,0.000, 0.00
365,0.000, 0.02
366,0.000, 0.00
367,0.000, 0.01
368,0.000, 0.01
369,0.000, 0.02
370,0.000, 0.00
371,0.000, 0.00
372,0.000, 0.00
373,0.000, 0.00
374,0.000, 0.00
375,0.000, 0.00
376,0.000, 0.05
377,0.000, 0.05
378,0.000, 0.05
379,0.000, 0.13
380,0.000, 0.00
381,0.000, 0.25
382,0.000, 0.33
383,0.000, 0.1
384,0.000, 0.05
385,0.000, 0.05
386,0.000, 0.09
387,0.000, 0.03
388,0.000, 0.00
389,0.000, 0.14
390,0.000, 0.13
391,0.000, 0.04
392,0.000, 0.00
393,0.000, 0.14
394,0.000, 0.12
395,0.000, 0.04
396,0.000, 0.02
397,0.000, 0.00
398,0.000, 0.00
399,0.000, 0.00
400,0.000, 0.00
401,0.000, 0.02
402,0.000, 0.03
403,0.000, 0.06
