1,0.084,1, 0.72
2,0.000,2, 0.00
3,0.000,3, 0.5
4,0.000,4, 0.81
5,0.000,5, 0.27
6,0.084,6, 0.96
7,0.000,7, 0.00
8,0.000,8, 0.28
9,0.057,9, 0.97
10,0.094,10, 0.00
11,0.000,11, 0.39
12,0.000,12, 0.85
13,0.000,13, 0.75
14,0.000,14, 0.00
15,0.000,15, 0.45
16,0.000,16, 0.57
17,0.000,17, 0.00
18,0.000,18, 0.00
19,0.000,19, 0.00
20,0.000,20, 0.97
21,0.000,21, 0.00
22,0.000,22, 0.00
23,0.094,23, 0.96
24,0.000,24, 0.51
25,0.000,25, 0.00
26,0.000,26, 0.00
27,0.000,27, 0.00
28,0.000,28, 0.00
29,0.000,29, 0.00
30,0.000,30, 0.00
31,0.000,31, 0.00
32,0.000,32, 0.00
33,0.000,33, 0.00
34,0.000,34, 0.00
35,0.000,35, 0.00
36,0.000,36, 0.41
37,0.000,37, 0.18
38,0.000,38, 0.00
39,0.308,39, 0.29
40,0.000,40, 0.00
41,1.000,41, 0.00
42,0.214,42, 0.19
43,0.515,43, 0.11
44,0.000,44, 0.00
45,0.214,45, 0.05
46,0.760,46, 0.2
47,0.760,47, 0.14
48,0.145,48, 0.1
49,0.515,49, 0.63
50,0.678,50, 0.5
51,0.145,51, 0.13
52,0.000,52, 0.00
53,0.000,53, 0.00
54,0.000,54, 0.23
55,0.000,55, 0.43
56,0.000,56, 0.00
57,0.000,57, 0.2
58,0.000,58, 0.1
59,0.000,59, 0.00
60,0.000,60, 0.00
61,0.000,61, 0.79
62,0.000,62, 0.17
63,0.000,63, 0.00
64,0.000,64, 0.98
65,0.000,65, 0.87
66,0.000,66, 0.48
67,0.000,67, 0.92
68,0.000,68, 0.00
69,0.000,69, 0.66
70,0.000,70, 0.26
71,0.000,71, 0.00
72,0.000,72, 0.00
73,0.000,73, 0.00
74,0.000,74, 0.00
75,0.000,75, 0.00
76,0.000,76, 0.95
77,0.000,77, 0.97
78,0.000,78, 0.95
79,0.000,79, 0.89
80,0.000,80, 0.94
81,0.000,81, 0.52
82,0.000,82, 0.00
83,0.000,83, 0.00
84,0.000,84, 0.00
85,0.000,85, 0.00
86,0.000,86, 0.00
87,0.000,87, 0.00
88,0.000,88, 0.00
89,0.000,89, 0.00
90,0.000,90, 0.00
91,0.000,91, 0.00
92,0.000,92, 0.00
93,0.000,93, 0.00
94,0.000,94, 0.00
95,0.000,95, 0.2
96,0.000,96, 0.00
97,0.000,97, 0.3
98,0.000,98, 0.28
99,0.000,99, 0.00
100,0.000,100, 0.00
101,0.000,101, 0.11
102,0.000,102, 0.00
103,0.000,103, 0.14
104,0.000,104, 0.05
105,0.000,105, 0.02
106,0.000,106, 0.00
107,0.000,107, 0.00
108,0.000,108, 0.00
109,0.000,109, 0.01
110,0.000,110, 0.00
111,0.000,111, 0.00
112,0.000,112, 0.02
113,0.000,113, 0.00
114,0.000,114, 0.00
115,0.000,115, 0.00
116,0.000,116, 0.01
117,0.000,117, 0.02
118,0.000,118, 0.00
119,0.000,119, 0.00
120,0.000,120, 0.06
121,0.000,121, 0.09
122,0.000,122, 0.03
123,0.000,123, 0.00
124,0.000,124, 0.00
125,0.000,125, 0.00
126,0.000,126, 0.02
127,0.000,127, 0.04
128,0.000,128, 0.06
129,0.000,129, 0.00
130,0.000,130, 0.05
131,0.000,131, 0.00
132,0.057,132, 0.93
133,0.057,133, 0.98
134,0.057,134, 0.88
135,0.094,135, 0.66
136,0.000,136, 0.00
137,0.084,137, 0.00
138,0.000,138, 0.00
139,0.000,139, 0.00
140,0.057,140, 0.00
141,0.057,141, 0.31
142,0.000,142, 0.21
143,0.000,143, 0.17
144,0.000,144, 0.23
145,0.000,145, 0.25
146,0.000,146, 0.1
147,0.000,147, 0.07
148,0.000,148, 0.00
149,0.000,149, 0.00
150,0.000,150, 0.00
151,0.000,151, 0.00
152,0.000,152, 0.00
153,0.000,153, 0.00
154,0.000,154, 0.00
155,0.000,155, 0.00
156,0.000,156, 0.00
157,0.000,157, 0.00
158,0.000,158, 0.00
159,0.000,159, 0.1
160,0.000,160, 0.07
161,0.000,161, 0.00
162,0.000,162, 0.04
163,0.000,163, 0.02
164,0.000,164, 0.03
165,0.000,165, 0.00
166,0.000,166, 0.03
167,0.000,167, 0.03
168,0.000,168, 0.04
169,0.000,169, 0.00
170,0.000,170, 0.06
171,0.000,171, 0.12
172,0.000,172, 0.00
173,0.000,173, 0.04
174,0.000,174, 0.05
175,0.000,175, 0.00
176,0.000,176, 0.00
177,0.000,177, 0.02
178,0.000,178, 0.01
179,0.000,179, 0.00
180,0.000,180, 0.00
181,0.145,181, 0.03
182,0.145,182, 0.03
183,0.000,183, 0.00
184,0.057,184, 0.04
185,0.145,185, 0.02
186,0.057,186, 0.13
187,0.000,187, 0.00
188,0.057,188, 0.45
189,0.057,189, 0.12
190,0.000,190, 0.00
191,0.000,191, 0.11
192,0.000,192, 0.00
193,0.000,193, 0.00
194,0.000,194, 0.00
195,0.000,195, 0.00
196,0.000,196, 0.00
197,0.000,197, 0.00
198,0.000,198, 0.00
199,0.000,199, 0.00
200,0.000,200, 0.00
201,0.000,201, 0.00
202,0.000,202, 0.00
203,0.000,203, 0.00
204,0.000,204, 0.00
205,0.000,205, 0.02
206,0.000,206, 0.02
207,0.000,207, 0.02
208,0.000,208, 0.04
209,0.000,209, 0.00
210,0.000,210, 0.26
211,0.000,211, 0.14
212,0.000,212, 0.15
213,0.057,213, 0.00
214,0.000,214, 0.57
215,0.000,215, 0.53
216,0.000,216, 0.27
217,0.000,217, 0.00
218,0.000,218, 0.13
219,0.000,219, 0.05
220,0.000,220, 0.03
221,0.000,221, 0.00
222,0.000,222, 0.03
223,0.000,223, 0.05
224,0.000,224, 0.05
225,0.000,225, 0.04
226,0.000,226, 0.00
227,0.000,227, 0.00
228,0.057,228, 0.00
229,0.057,229, 0.02
230,0.057,230, 0.02
231,0.057,231, 0.02
232,0.057,232, 0.05
233,0.057,233, 0.02
234,0.094,234, 0.02
235,0.084,235, 0.01
236,0.057,236, 0.00
237,0.057,237, 0.00
238,0.000,238, 0.00
239,0.000,239, 0.00
240,0.000,240, 0.00
241,0.000,241, 0.00
242,0.000,242, 0.00
243,0.000,243, 0.00
244,0.000,244, 0.00
245,0.000,245, 0.00
246,0.000,246, 0.00
247,0.000,247, 0.00
248,0.000,248, 0.00
249,0.000,249, 0.01
250,0.000,250, 0.01
251,0.000,251, 0.02
252,0.000,252, 0.02
253,0.000,253, 0.00
254,0.000,254, 0.03
255,0.000,255, 0.02
256,0.000,256, 0.00
257,0.084,257, 0.17
258,0.000,258, 0.08
259,0.000,259, 0.00
260,0.000,260, 0.00
261,0.094,261, 0.25
262,0.057,262, 0.00
263,0.000,263, 0.00
264,0.094,264, 0.17
265,0.057,265, 0.26
266,0.094,266, 0.18
267,0.124,267, 0.53
268,0.124,268, 0.00
269,0.124,269, 0.6
270,0.124,270, 0.57
271,0.094,271, 0.89
272,0.151,272, 0.91
273,0.201,273, 0.98
274,0.124,274, 0.81
275,0.201,275, 0.87
276,0.000,276, 0.00
277,0.000,277, 0.00
278,0.000,278, 0.19
279,0.000,279, 0.00
280,0.000,280, 0.00
281,0.000,281, 0.00
282,0.000,282, 0.00
283,0.000,283, 0.00
284,0.000,284, 0.00
285,0.000,285, 0.00
286,0.000,286, 0.00
287,0.000,287, 0.00
288,0.000,288, 0.05
289,0.000,289, 0.00
290,0.214,290, 0.00
291,0.000,291, 0.03
292,0.000,292, 0.04
293,0.000,293, 0.18
294,0.000,294, 0.41
295,0.000,295, 0.15
296,0.000,296, 0.11
297,0.084,297, 0.67
298,0.094,298, 0.13
299,0.000,299, 0.00
300,0.094,300, 0.96
301,0.094,301, 0.41
302,0.094,302, 0.97
303,0.000,303, 0.00
304,0.455,304, 0.97
305,0.000,305, 0.00
306,0.057,306, 0.95
307,0.000,307, 0.52
