1,0.450, 0.87,0.65500,1
2,0.616, 0.93,0.52587,1
3,0.572, 0.96,0.41007,1
4,0.433, 0.92,0.06029,0
5,0.387, 0.8,0.01935,0
6,0.855, 0.63,0.45014,1
7,0.022, 0.00,0.00087,0
8,0.000, 0.47,0.00645,0
9,0.199, 0.24,0.06152,0
10,0.022, 0.00,0.00080,0
11,0.000, 0.06,0.00167,0
12,0.000, 0.02,0.00152,0
13,0.000, 0.03,0.00196,0
14,0.000, 0.02,0.00145,0
15,0.000, 0.01,0.00051,0
16,0.000, 0.04,0.00022,0
17,0.000, 0.2,0.00188,0
18,0.000, 0.07,0.00210,0
19,0.000, 0.00,0.00080,0
20,0.433, 0.09,0.05152,0
21,0.000, 0.00,0.00130,0
22,0.000, 0.00,0.07725,0
23,0.000, 0.00,0.08645,0
24,0.466, 0.99,0.59007,1
25,0.000, 0.00,0.00,0
26,0.000, 0.94,0.00333,0
27,0.000, 0.94,0.00304,0
28,0.000, 0.88,0.00058,0
29,0.000, 0.98,0.00304,0
30,0.000, 0.75,0.00167,0
31,0.000, 0.95,0.00283,0
32,0.000, 0.79,0.00225,0
33,0.000, 0.88,0.00210,0
34,0.000, 0.2,0.00203,0
35,0.000, 0.00,0.00109,0
36,0.000, 0.98,0.00188,0
37,0.000, 0.00,0.00,0
38,0.000, 0.98,0.00297,0
39,0.000, 0.00,0.00,0
40,0.056, 0.00,0.02478,0
41,0.000, 0.00,0.07210,0
42,0.402, 0.86,0.49783,1
43,0.000, 0.74,0.02116,0
44,0.000, 0.34,0.00174,0
45,0.000, 0.54,0.00326,0
46,0.000, 0.00,0.00007,0
47,0.000, 0.00,0.00094,0
48,0.000, 0.00,0.00,0
49,0.000, 0.00,0.00080,0
50,0.000, 0.00,0.00,0
51,0.000, 0.26,0.00094,0
52,0.000, 0.16,0.00167,0
53,0.000, 0.31,0.00167,0
54,0.000, 0.07,0.00058,0
55,0.000, 0.00,0.00014,0
56,0.000, 0.03,0.00116,0
57,0.000, 0.02,0.00022,0
58,0.000, 0.05,0.00283,0
59,0.000, 0.00,0.00,0
60,0.000, 0.00,0.00094,0
61,0.000, 0.08,0.00152,0
62,0.000, 0.26,0.00297,0
63,0.000, 0.00,0.00,0
64,0.000, 0.78,0.00109,0
65,0.000, 0.18,0.00268,0
66,0.000, 0.00,0.00007,0
67,0.000, 0.88,0.00130,0
68,0.000, 0.31,0.00159,0
69,0.000, 0.00,0.04290,1
70,0.000, 0.00,0.00732,0
71,0.262, 0.98,0.35072,1
72,0.000, 0.00,0.02768,0
73,0.000, 0.00,0.01478,0
74,0.000, 0.00,0.00036,0
75,0.000, 0.33,0.00551,0
76,0.000, 0.00,0.00,0
77,0.000, 0.28,0.00022,0
78,0.000, 0.00,0.00,0
79,0.000, 0.12,0.00058,0
80,0.000, 0.2,0.00196,0
81,0.000, 0.94,0.00159,0
82,0.000, 0.91,0.00312,0
83,0.000, 0.67,0.00297,0
84,0.000, 0.00,0.00225,0
85,0.000, 0.87,0.00493,0
86,0.000, 0.86,0.00377,0
87,0.000, 0.69,0.00232,0
88,0.000, 0.00,0.00109,0
89,0.000, 0.00,0.00065,0
90,0.000, 0.00,0.00,0
91,0.000, 0.3,0.00029,0
92,0.000, 0.00,0.00,0
93,0.000, 0.07,0.00043,0
94,0.000, 0.15,0.02754,0
95,0.000, 0.00,0.00471,0
96,0.000, 0.82,0.04065,0
97,0.000, 0.97,0.07725,0
98,0.262, 0.99,0.42928,0
99,0.000, 0.85,0.51239,1
100,0.000, 0.63,0.15659,0
101,0.000, 0.89,0.06964,0
102,0.000, 0.85,0.18014,1
103,0.000, 0.97,0.01116,0
104,0.000, 0.96,0.02051,1
105,0.000, 0.96,0.02355,0
106,0.000, 0.99,0.06942,1
107,0.000, 0.00,0.00051,0
108,0.000, 0.97,0.00036,0
109,0.000, 0.00,0.00051,0
110,0.000, 0.41,0.00203,0
111,0.000, 0.14,0.00174,0
112,0.000, 0.84,0.00297,0
113,0.000, 0.93,0.00065,0
114,0.000, 0.95,0.00152,0
115,0.000, 0.69,0.00029,0
116,0.000, 0.94,0.00080,0
117,0.000, 0.84,0.00014,0
118,0.000, 0.93,0.00203,0
119,0.000, 0.74,0.00377,0
120,0.000, 0.00,0.00080,0
121,0.000, 0.00,0.05420,0
122,0.000, 0.97,0.19399,0
123,0.000, 0.98,0.17210,1
124,0.000, 0.00,0.39667,0
125,0.282, 0.97,0.75746,1
126,0.000, 0.00,0.09094,0
127,0.000, 0.00,0.00232,0
128,0.000, 0.53,0.36848,0
129,0.119, 0.75,0.38304,1
130,0.000, 0.00,0.00239,0
131,0.000, 0.21,0.00232,0
132,0.000, 0.14,0.00196,0
133,0.000, 0.00,0.00348,0
134,0.000, 0.96,0.28065,1
135,0.000, 0.00,0.00043,0
136,0.000, 0.00,0.00159,0
137,0.000, 0.00,0.30833,0
138,0.000, 0.61,0.13754,0
139,0.000, 0.00,0.00065,0
140,0.000, 0.00,0.30652,1
141,0.000, 0.65,0.35196,1
142,0.000, 0.00,0.03507,0
143,0.000, 0.00,0.00051,0
144,0.000, 0.00,0.27623,1
145,0.000, 0.87,0.11986,1
146,0.000, 0.00,0.00058,0
147,0.000, 0.00,0.00007,0
148,0.000, 0.89,0.33797,1
149,0.000, 0.72,0.02949,0
150,0.000, 0.00,0.00138,0
151,0.000, 0.00,0.00094,0
152,0.000, 0.51,0.03594,0
153,0.000, 0.98,0.01341,0
154,0.000, 0.87,0.00935,0
155,0.000, 0.28,0.01529,1
156,0.000, 0.00,0.00971,0
157,0.000, 0.88,0.05978,0
158,0.000, 0.77,0.25464,1
159,0.000, 0.00,0.10174,0
160,0.000, 0.56,0.57623,1
161,0.000, 0.00,0.32761,0
162,0.000, 0.86,0.46761,1
163,0.000, 0.89,0.49703,1
164,0.262, 0.98,0.87522,1
165,0.262, 0.00,0.15536,0
166,0.282, 0.98,0.19486,1
167,0.000, 0.75,0.07522,0
168,0.000, 0.00,0.01870,0
169,0.000, 0.6,0.00370,0
170,0.000, 0.28,0.00094,0
171,0.000, 0.07,0.00065,0
172,0.000, 0.09,0.00239,0
173,0.000, 0.12,0.00399,0
174,0.000, 0.39,0.00181,0
175,0.000, 0.00,0.01304,0
176,0.000, 0.92,0.17659,0
177,0.199, 0.95,0.13616,1
178,0.282, 0.97,0.59348,1
179,0.616, 0.97,0.42652,0
180,1.000, 0.98,1.00000,1
181,1.000, 0.96,0.99391,1
182,0.929, 0.95,0.40406,1
183,0.433, 0.98,0.25043,0
184,0.329, 0.98,0.03920,0
185,0.000, 0.00,0.05138,0
186,0.093, 0.97,0.02913,0
187,0.282, 0.96,0.38877,0
188,0.000, 0.00,0.00543,0
189,0.000, 0.00,0.00007,0
190,0.000, 0.31,0.00087,0
191,0.000, 0.00,0.00051,0
192,0.000, 0.00,0.00007,0
193,0.000, 0.00,0.02884,0
194,0.000, 0.94,0.33014,1
195,0.000, 0.00,0.00246,0
196,0.000, 0.00,0.00036,0
197,0.262, 0.95,0.20529,1
198,0.262, 0.97,0.23558,0
199,0.000, 0.00,0.01217,0
200,0.387, 0.66,0.10065,1
201,0.262, 0.96,0.16478,1
202,0.000, 0.99,0.07667,1
203,0.000, 0.89,0.10558,1
204,0.000, 0.84,0.04435,1
205,0.000, 0.92,0.01572,0
206,0.000, 0.00,0.00159,0
207,0.000, 0.00,0.04529,0
208,0.000, 0.00,0.05768,0
209,0.000, 0.00,0.18261,0
210,0.000, 0.00,0.12442,0
211,0.000, 0.9,0.45732,0
212,0.000, 0.00,0.00659,0
213,0.000, 0.97,0.52442,0
214,0.000, 0.64,0.00225,0
215,0.000, 0.81,0.01428,0
216,0.000, 0.00,0.00348,0
217,0.000, 0.83,0.00283,0
218,0.000, 0.76,0.00116,0
219,0.056, 0.37,0.00007,0
220,0.000, 0.53,0.00,0
221,0.000, 0.96,0.00007,0
222,0.000, 0.00,0.00,0
223,0.000, 0.24,0.00,0
224,0.000, 0.00,0.00051,0
225,0.000, 0.00,0.05587,1
226,0.000, 0.87,0.62297,1
227,0.000, 0.86,0.01949,0
228,0.000, 0.91,0.75232,0
229,0.000, 0.00,0.00058,0
230,0.000, 0.00,0.00029,0
231,0.000, 0.00,0.00014,0
232,0.000, 0.00,0.00,0
233,0.000, 0.00,0.00,0
234,0.000, 0.00,0.00109,0
235,0.000, 0.00,0.00964,1
236,0.000, 0.91,0.06159,1
237,0.000, 0.00,0.01072,0
238,0.000, 0.57,0.02768,1
239,0.000, 0.15,0.00377,0
240,0.000, 0.00,0.00036,0
241,0.000, 0.04,0.00312,0
242,0.000, 0.21,0.01167,1
243,0.000, 0.00,0.00,0
244,0.000, 0.00,0.00007,0
245,0.000, 0.03,0.00290,0
246,0.000, 0.00,0.00181,0
247,0.000, 0.00,0.00,0
248,0.000, 0.00,0.00138,0
249,0.000, 0.07,0.00500,0
250,0.000, 0.00,0.00,0
251,0.000, 0.00,0.00,0
252,0.000, 0.00,0.00007,0
253,0.000, 0.15,0.00101,0
254,0.000, 0.00,0.00,0
255,0.000, 0.00,0.00,0
256,0.000, 0.08,0.00036,0
257,0.000, 0.08,0.02348,0
258,0.000, 0.00,0.00,0
259,0.000, 0.06,0.00014,0
260,0.000, 0.21,0.00101,0
261,0.000, 0.27,0.00870,0
262,0.000, 0.00,0.00739,0
263,0.000, 0.25,0.00036,0
264,0.000, 0.23,0.00203,0
265,0.000, 0.00,0.00275,0
266,0.000, 0.00,0.00007,0
267,0.000, 0.74,0.00210,0
268,0.000, 0.42,0.00217,0
269,0.000, 0.82,0.00109,0
270,0.000, 0.91,0.00304,0
271,0.000, 0.98,0.00101,0
272,0.000, 0.86,0.00080,0
273,0.000, 0.00,0.00,0
274,0.000, 0.42,0.00029,0
275,0.000, 0.41,0.00043,0
276,0.000, 0.00,0.00029,0
277,0.000, 0.24,0.00087,0
278,0.000, 0.34,0.00188,0
279,0.000, 0.25,0.00261,0
280,0.000, 0.00,0.00043,0
281,0.000, 0.04,0.00029,0
282,0.000, 0.03,0.00239,0
283,0.000, 0.00,0.00051,0
284,0.000, 0.02,0.00087,0
285,0.000, 0.00,0.00,0
286,0.000, 0.01,0.00058,0
287,0.000, 0.02,0.00130,0
288,0.000, 0.00,0.00,0
289,0.000, 0.00,0.00007,0
290,0.000, 0.06,0.00058,0
291,0.000, 0.00,0.00022,0
292,0.000, 0.00,0.00,0
293,0.000, 0.03,0.00014,0
294,0.000, 0.14,0.00029,0
295,0.000, 0.61,0.00007,0
296,0.000, 0.3,0.00007,0
297,0.000, 0.34,0.00007,0
298,0.000, 0.3,0.00014,0
299,0.000, 0.00,0.00007,0
300,0.000, 0.21,0.00007,0
301,0.000, 0.2,0.00007,0
302,0.000, 0.00,0.00,0
303,0.000, 0.89,0.00007,0
304,0.000, 0.56,0.00007,0
305,0.000, 0.00,0.00,0
306,0.000, 0.1,0.00007,0
307,0.000, 0.05,0.00,0
308,0.000, 0.09,0.00007,0
309,0.000, 0.00,0.00,0
310,0.000, 0.00,0.00,0
311,0.000, 0.14,0.00065,0
312,0.000, 0.1,0.00007,0
313,0.000, 0.00,0.00,0
314,0.000, 0.00,0.00007,0
315,0.000, 0.7,0.00072,0
316,0.000, 0.62,0.00043,0
317,0.000, 0.00,0.00014,0
318,0.000, 0.43,0.00007,0
319,0.000, 0.23,0.00036,0
320,0.000, 0.06,0.00058,0
321,0.000, 0.17,0.00116,0
322,0.000, 0.19,0.00014,0
323,0.000, 0.00,0.00,0
324,0.000, 0.09,0.00,0
325,0.000, 0.00,0.00,0
326,0.000, 0.00,0.00,0
327,0.000, 0.00,0.00,0
328,0.000, 0.00,0.00,0
329,0.000, 0.03,0.00196,0
330,0.000, 0.01,0.00145,0
331,0.000, 0.00,0.00,0
332,0.000, 0.00,0.00,0
333,0.000, 0.00,0.00,0
334,0.000, 0.03,0.00007,0
335,0.000, 0.01,0.00,0
336,0.000, 0.00,0.00,0
337,0.000, 0.01,0.00,0
338,0.000, 0.00,0.00,0
339,0.000, 0.00,0.00,0
340,0.000, 0.00,0.00,0
341,0.000, 0.00,0.00217,0
342,0.000, 0.01,0.00029,0
343,0.000, 0.00,0.00130,0
344,0.000, 0.02,0.00493,0
345,0.000, 0.06,0.00210,0
346,0.000, 0.02,0.00065,0
347,0.000, 0.02,0.00022,0
348,0.000, 0.02,0.00014,0
349,0.000, 0.00,0.00007,0
350,0.000, 0.00,0.00,0
351,0.000, 0.04,0.00130,0
352,0.000, 0.00,0.00,0
353,0.000, 0.00,0.00,0
354,0.000, 0.00,0.00,0
355,0.000, 0.00,0.00,0
356,0.000, 0.00,0.00,0
357,0.000, 0.00,0.00,0
358,0.000, 0.53,0.00043,0
359,0.000, 0.00,0.00007,0
360,0.000, 0.00,0.00,0
361,0.000, 0.35,0.00,0
362,0.000, 0.00,0.00,0
363,0.000, 0.00,0.00,0
364,0.000, 0.16,0.00,0
365,0.000, 0.00,0.00,0
366,0.000, 0.00,0.00,0
367,0.000, 0.00,0.00167,0
368,0.000, 0.00,0.00,0
369,0.000, 0.00,0.00036,0
370,0.000, 0.94,0.02304,0
371,0.199, 0.34,0.01790,0
372,0.119, 0.2,0.01435,0
373,0.199, 0.32,0.01587,0
374,0.000, 0.1,0.00348,0
375,0.000, 0.00,0.00,0
376,0.000, 0.00,0.00058,0
377,0.000, 0.15,0.00101,0
378,0.000, 0.00,0.00007,0
379,0.000, 0.00,0.00,0
380,0.000, 0.07,0.00087,0
381,0.000, 0.33,0.00029,0
382,0.000, 0.27,0.00014,0
383,0.000, 0.18,0.00094,0
384,0.000, 0.25,0.00087,0
385,0.000, 0.13,0.00254,0
386,0.000, 0.00,0.00080,0
387,0.000, 0.13,0.02551,0
388,0.000, 0.24,0.03355,0
389,0.000, 0.00,0.01949,0
390,0.199, 0.23,0.08123,0
391,0.262, 0.99,0.38514,0
392,0.000, 0.00,0.04949,0
393,0.000, 0.00,0.00029,0
394,0.262, 0.98,0.22507,1
395,0.387, 0.69,0.07652,0
396,0.387, 0.00,0.01674,0
397,0.416, 0.96,0.07529,1
398,0.433, 0.98,0.16688,1
399,0.282, 0.97,0.07601,1
400,0.262, 0.00,0.04167,1
401,0.000, 0.00,0.04268,0
402,0.000, 0.98,0.02674,0
403,0.000, 0.00,0.00,0
404,0.000, 0.00,0.00,0
405,0.000, 0.00,0.00,0
406,0.000, 0.00,0.00,0
407,0.000, 0.48,0.00,0
408,0.000, 0.00,0.00,0
409,0.000, 0.38,0.00,0
410,0.000, 0.00,0.00094,0
411,0.000, 0.00,0.01145,0
412,0.000, 0.00,0.00,0
413,0.000, 0.00,0.00,0
414,0.000, 0.00,0.00072,0
415,0.000, 0.00,0.00007,0
416,0.000, 0.00,0.00,0
417,0.000, 0.00,0.00,0
418,0.000, 0.00,0.00065,0
419,0.000, 0.26,0.00094,0
420,0.000, 0.45,0.00087,0
421,0.000, 0.91,0.00080,0
422,0.000, 0.85,0.00029,0
423,0.000, 0.00,0.00,0
424,0.000, 0.00,0.00,0
425,0.000, 0.00,0.00058,0
426,0.000, 0.00,0.00696,0
427,0.000, 0.00,0.18884,0
428,0.000, 0.97,0.71623,0
429,0.000, 0.97,0.99319,0
430,0.000, 0.00,0.02884,0
431,0.262, 0.95,0.58014,1
432,0.199, 0.00,0.01870,1
433,0.282, 0.95,0.03674,1
434,0.262, 0.78,0.02304,0
435,0.262, 0.00,0.03565,0
436,0.262, 0.98,0.38036,1
437,0.000, 0.97,0.35007,0
438,0.000, 0.95,0.74913,1
