8,0.000,,0.46599,0
9,0.000,0.03,0.25283,0
10,0.000,0.08,0.47136,0
11,0.000,0.02,0.26879,1
12,0.000,0.00,0.35829,0
13,0.000,0.00,0.00045,0
14,0.000,0.00,0.00,0
15,0.000,0.00,0.00,0
16,0.000,0.00,0.00,0
17,0.000,0.00,0.00,0
18,0.000,0.00,0.04027,0
19,0.000,0.02,0.06608,0
20,0.053,0.01,0.07234,0
21,0.000,0.02,0.01178,0
22,0.000,0.00,0.01342,0
23,0.000,0.00,0.00089,0
24,0.000,0.00,0.00940,0
25,0.135,0.09,0.01656,0
26,0.000,0.04,0.00075,0
27,0.000,0.00,0.00104,0
28,0.000,0.00,0.15081,0
29,0.000,0.36,0.30952,1
30,0.000,0.77,0.28461,0
31,0.000,0.82,0.48106,0
32,0.000,0.59,0.54967,1
33,0.000,0.9,0.40990,1
34,0.000,0.71,0.26134,1
35,0.678,0.27,0.08950,0
36,0.929,0.97,0.06847,0
37,1.000,0.66,0.08368,0
38,0.630,0.42,0.15662,1
39,0.929,0.94,0.18825,0
40,0.135,0.96,0.24284,0
41,0.135,0.98,0.20973,0
42,0.135,0.66,0.08040,0
43,0.000,0.00,0.77640,0
44,0.000,0.98,0.60993,0
45,0.000,0.00,0.74851,0
46,0.000,0.75,0.61888,0
47,0.000,0.12,0.67915,0
48,0.000,0.47,0.33025,0
49,0.000,0.00,0.41289,0
50,0.000,0.11,0.09397,0
51,0.000,0.00,0.34308,1
52,0.000,0.85,0.23285,0
53,0.286,0.00,0.37783,0
54,0.286,0.79,0.08294,0
55,0.000,0.00,0.13350,1
56,0.000,0.56,0.24970,1
57,0.000,0.81,0.15722,0
58,0.000,0.46,0.19764,0
59,0.000,0.31,0.06742,0
60,0.000,0.00,0.38783,0
61,0.000,0.07,0.00567,0
62,0.000,0.00,0.38097,0
63,0.000,0.11,0.02297,0
64,0.000,0.00,0.87575,0
65,0.000,0.53,0.00179,0
66,0.000,0.00,0.00030,0
67,0.000,0.00,0.00104,0
68,0.000,0.00,0.02387,0
69,0.000,0.00,0.20987,0
70,0.000,0.23,0.15170,0
71,0.000,0.16,0.48195,0
72,0.000,0.32,0.62038,0
73,0.000,0.78,0.12754,0
74,0.000,0.34,0.38395,0
75,0.000,0.86,0.86948,0
76,0.000,0.78,0.03132,0
77,0.000,0.00,0.29520,0
78,0.000,0.74,0.71435,0
79,0.000,0.73,0.94734,0
80,0.000,0.76,0.01686,0
81,0.000,0.00,0.62813,0
82,0.000,0.9,0.54550,0
83,0.000,0.77,0.06504,0
84,0.000,0.00,0.27193,0
85,0.000,0.64,0.00179,0
86,0.000,0.00,0.00,0
87,0.000,0.00,0.00,0
88,0.000,0.00,0.00,0
89,0.000,0.00,0.00,0
90,0.000,0.00,0.00149,0
91,0.000,0.00,0.03535,0
92,0.000,0.00,0.00343,0
93,0.000,0.00,0.04564,0
94,0.000,0.12,0.06847,0
95,0.000,0.03,0.10680,0
96,0.000,0.02,0.07622,0
97,0.000,0.01,0.02521,0
98,0.000,0.00,0.06041,0
99,0.000,0.00,0.08771,0
100,0.000,0.01,0.03446,0
101,0.000,0.03,0.00224,0
102,0.000,0.00,0.05385,0
103,0.000,0.02,0.03998,0
104,0.000,0.02,0.00805,0
105,0.000,0.00,0.02014,0
106,0.000,0.00,0.05385,0
107,0.000,0.03,0.01879,0
108,0.000,0.04,0.00030,0
109,0.000,0.00,0.02431,0
110,0.000,0.03,0.08831,0
111,0.000,0.06,0.09711,0
112,0.000,0.02,0.04997,0
113,0.000,0.00,0.13440,0
114,0.000,0.08,0.14588,0
115,0.000,0.11,0.12694,1
116,0.000,0.23,0.09576,1
117,0.000,0.17,0.01730,0
118,0.000,0.00,0.00,0
119,0.000,0.00,0.00,0
120,0.000,0.00,0.00,0
121,0.000,0.00,0.00119,0
122,0.000,0.00,0.00418,0
123,0.000,0.00,0.05221,0
124,0.000,0.04,0.16363,0
125,0.000,0.03,0.12694,0
126,0.000,0.02,0.07085,0
127,0.000,0.01,0.15573,0
128,0.000,0.04,0.04415,0
129,0.000,0.04,0.20853,0
130,0.000,0.02,0.06056,0
131,0.000,0.03,0.02894,0
132,0.000,0.00,0.12067,0
133,0.000,0.02,0.29579,0
134,0.000,0.02,0.26924,0
135,0.000,0.02,0.06757,0
136,0.000,0.03,0.13813,0
137,0.000,0.00,0.09979,0
138,0.000,0.06,0.04997,0
139,0.000,0.00,0.34442,0
140,0.000,0.04,0.41050,0
141,0.000,0.08,0.13440,0
142,0.000,0.03,0.06265,0
143,0.000,0.02,0.22628,0
144,0.000,0.09,0.19376,0
145,0.000,0.00,0.44720,0
146,0.000,0.03,0.40155,0
147,0.053,0.00,0.49150,0
148,0.000,0.02,0.36874,0
149,0.000,0.04,0.00075,0
150,0.000,0.00,0.03043,0
151,0.000,0.00,0.00328,0
152,0.630,0.00,0.13455,0
153,0.000,0.04,0.35337,0
154,0.135,0.22,0.48374,1
155,0.135,0.17,0.62634,0
156,0.053,0.47,0.52208,0
157,0.053,0.33,0.42408,0
158,0.000,0.3,0.46942,1
159,0.053,0.42,0.60680,0
160,0.000,0.15,0.00,0
161,0.000,0.00,0.01656,0
162,0.000,0.00,0.19481,0
163,0.053,0.08,0.36351,0
164,0.000,0.09,0.00015,0
165,0.000,0.00,0.00030,0
166,0.000,0.00,0.40677,0
167,0.000,0.14,0.34084,0
168,0.000,0.17,0.21032,1
169,0.000,0.53,0.24687,1
170,0.000,0.14,0.19660,0
171,0.000,0.42,0.12679,0
172,0.000,0.00,0.30907,0
173,0.000,0.54,0.29818,0
174,0.000,0.34,0.04564,0
175,0.422,0.00,0.32413,0
176,0.625,0.16,0.34293,0
177,0.286,0.06,0.31668,0
178,0.791,0.94,0.46017,1
179,0.473,0.38,0.64916,1
180,0.479,0.99,0.32205,1
181,0.286,0.92,0.46718,1
182,0.135,0.98,0.48956,1
183,0.135,0.95,0.35009,0
184,0.000,0.93,0.55758,1
185,0.000,0.98,0.76014,1
186,0.000,0.93,0.62202,1
187,0.000,0.92,0.91632,0
188,0.135,0.98,0.63022,0
189,0.199,0.95,0.61202,1
190,0.135,0.96,0.20958,0
191,0.135,0.99,0.21435,0
192,0.135,0.86,0.30057,0
193,0.135,0.83,0.68884,0
194,0.000,0.97,0.25477,1
195,0.000,0.88,0.04922,0
196,0.000,0.96,0.50254,0
197,0.199,0.61,1.00000,1
198,0.000,0.99,0.18288,0
199,0.000,0.87,0.13634,0
200,0.000,0.35,0.47449,0
201,0.199,0.87,0.49135,1
202,0.000,0.9,0.05967,0
203,0.000,0.85,0.13455,0
204,0.422,0.9,0.21405,0
205,0.286,0.62,0.21420,1
206,0.000,0.9,0.02476,0
207,0.286,0.97,0.13067,1
208,0.286,0.96,0.05489,0
209,0.422,0.95,0.30743,1
210,0.000,0.97,0.23508,1
211,0.000,0.98,0.28863,1
