325,0.049,0.2
326,0.049,0.81
327,0.125,0.12
328,0.000,0.1
329,0.000,0.11
330,0.000,0.00
331,0.000,0.02
332,0.000,0.02
333,0.000,0.02
334,0.000,0.02
335,0.000,0.03
336,0.000,0.02
337,0.000,0.05
338,0.000,0.00
339,0.000,0.00
340,0.000,0.02
341,0.000,0.00
342,0.000,0.00
343,0.000,0.01
344,0.000,0.01
345,0.000,0.02
346,0.000,0.00
347,0.000,0.01
348,0.000,0.01
349,0.000,0.02
350,0.000,0.01
351,0.000,0.00
352,0.000,0.01
353,0.000,0.02
354,0.000,0.00
355,0.000,0.00
356,0.000,0.03
357,0.000,0.00
358,0.000,0.00
359,0.000,0.00
360,0.000,0.00
361,0.000,0.00
362,0.000,0.00
363,0.000,0.02
364,0.000,0.01
365,0.000,0.01
366,0.000,0.05
367,0.000,0.01
368,0.000,0.01
369,0.000,0.00
370,0.000,0.01
371,0.000,0.00
372,0.049,0.00
373,0.000,0.00
374,0.000,0.03
375,0.000,0.00
376,0.000,0.00
377,0.000,0.02
378,0.000,0.00
379,0.000,0.00
380,0.000,0.01
381,0.000,0.00
382,0.000,0.00
383,0.000,0.00
384,0.000,0.01
385,0.583,0.00
386,0.265,0.01
387,0.125,0.01
388,0.000,0.00
389,0.049,0.00
390,0.049,0.01
391,0.000,0.00
392,0.000,0.00
393,0.125,0.01
394,0.049,0.01
395,0.000,0.00
396,0.265,0.00
397,0.000,0.01
398,0.125,0.01
399,0.125,0.01
400,0.000,0.02
401,0.125,0.01
402,0.000,0.00
403,0.000,0.01
404,0.000,0.01
405,0.000,0.00
406,0.000,0.00
407,0.000,0.00
408,0.000,0.02
409,0.000,0.00
410,0.000,0.00
411,0.000,0.09
412,0.000,0.00
413,0.000,0.00
414,0.000,0.02
415,0.000,0.01
416,0.000,0.01
417,0.000,0.01
418,0.000,0.04
419,0.000,0.01
420,0.000,0.01
421,0.000,0.01
422,0.000,0.00
423,0.000,0.00
424,0.000,0.01
425,0.000,0.00
426,0.000,0.00
427,0.000,0.02
428,0.265,0.02
429,0.000,0.00
430,0.000,0.00
431,0.206,0.01
432,0.272,0.01
433,0.391,0.00
434,0.125,0.02
435,0.443,0.02
436,0.732,0.00
437,0.184,0.01
438,0.184,0.01
439,0.654,0.01
440,0.391,0.01
465,0.000,0.04
466,0.000,0.03
467,0.000,0.04
468,0.000,0.02
469,0.000,0.03
470,0.000,0.01
471,0.000,0.00
472,0.000,0.01
473,0.000,0.01
474,0.000,0.00
475,0.000,0.00
476,0.000,0.01
477,0.000,0.01
478,0.000,0.00
479,0.125,0.01
480,0.049,0.02
481,0.265,0.03
482,0.443,0.02
483,0.265,0.01
484,0.125,0.02
485,0.443,0.05
486,0.443,0.03
487,0.000,0.02
488,0.000,0.00
489,0.000,0.01
490,0.000,0.00
491,0.000,0.00
492,0.000,0.00
493,0.000,0.00
494,0.000,0.00
495,0.000,0.00
496,0.000,0.00
497,0.000,0.00
498,0.000,0.00
499,0.000,0.04
500,0.000,0.00
501,0.000,0.02
502,0.000,0.02
503,0.000,0.03
504,0.000,0.01
505,0.000,0.01
506,0.000,0.01
507,0.000,0.00
508,0.000,0.00
509,0.000,0.01
510,0.000,0.00
511,0.000,0.00
512,0.000,0.01
513,0.000,0.01
514,0.000,0.00
515,0.000,0.00
516,0.000,0.05
517,0.265,0.03
518,0.000,0.02
519,0.000,0.01
520,0.000,0.02
521,0.000,0.01
522,0.265,0.01
523,0.265,0.01
524,0.000,0.00
525,0.265,0.00
526,0.000,0.00
527,0.000,0.01
528,0.000,0.00
529,0.000,0.00
530,0.000,0.01
531,0.000,0.00
532,0.000,0.00
533,0.000,0.00
534,0.000,0.01
535,0.000,0.01
536,0.000,0.01
537,0.000,0.01
538,0.000,0.00
539,0.000,0.01
540,0.000,0.01
541,0.000,0.00
542,0.000,0.00
543,0.000,0.01
544,0.000,0.00
545,0.000,0.00
546,0.000,0.01
547,0.000,0.01
548,0.000,0.00
549,0.000,0.00
550,0.000,0.01
551,0.000,0.01
552,0.000,0.00
553,0.000,0.01
554,0.000,0.02
555,0.000,0.00
556,0.000,0.00
557,0.000,0.00
558,0.000,0.00
559,0.000,0.00
560,0.000,0.00
561,0.000,0.15
562,0.000,0.00
563,0.000,0.00
564,0.000,0.08
565,0.000,0.00
566,0.000,0.00
567,0.860,0.16
568,0.893,0.03
569,0.860,0.18
570,0.925,0.03
571,0.059,0.02
572,0.627,0.03
573,0.000,0.03
574,0.000,0.07
575,0.000,0.00
576,0.000,0.00
577,0.000,0.02
578,0.000,0.00
579,0.000,0.00
580,0.000,0.00
581,0.000,0.04
582,0.000,0.00
583,0.000,0.00
584,0.000,0.00
585,0.000,0.12
586,0.000,0.00
587,0.000,0.00
588,0.049,0.06
589,0.125,0.43
590,0.125,0.1
593,0.049,0.09
594,0.049,0.02
595,0.049,0.03
596,0.049,0.02
597,0.000,0.01
598,0.000,0.01
599,0.000,0.06
600,0.000,0.00
601,0.000,0.03
602,0.000,0.11
603,0.000,0.00
604,0.000,0.00
605,0.605,0.11
606,0.000,0.32
607,0.000,0.00
608,0.456,0.29
609,1.000,0.88
610,0.000,0.00
611,0.000,0.00
612,0.081,0.27
613,0.308,0.19
614,0.121,0.08
615,0.081,0.04
616,0.206,0.06
617,0.206,0.02
618,0.072,0.05
619,0.000,0.00
620,0.081,0.05
621,0.000,0.02
622,0.000,0.00
623,0.000,0.00
624,0.000,0.01
625,0.000,0.01
626,0.000,0.01
627,0.000,0.01
628,0.000,0.00
629,0.000,0.01
630,0.000,0.01
631,0.000,0.00
632,0.000,0.00
633,0.000,0.01
634,0.000,0.01
635,0.000,0.00
636,0.000,0.01
637,0.000,0.04
638,0.000,0.01
639,0.000,0.02
