1_2PCB.A,0.025446549195897467
2_2PCB.A,0.02945941765464018
3_2PCB.A,0.031004390203913913
4_2PCB.A,0.034221875736194105
5_2PCB.A,0.03448590584955518
6_2PCB.A,0.02301777154242741
7_2PCB.A,0.028786077783763336
8_2PCB.A,0.01826742702711778
9_2PCB.A,0.024940380212894395
10_2PCB.A,0.02766593523747924
11_2PCB.A,0.019505089410936448
12_2PCB.A,0.03618272488513929
13_2PCB.A,0.02935446506960683
14_2PCB.A,0.041932733332931404
15_2PCB.A,0.055223737617767686
16_2PCB.A,0.11845905670318285
17_2PCB.A,0.09550742937745244
18_2PCB.A,0.022620439272569574
19_2PCB.A,0.018660045924891806
20_2PCB.A,0.021630016052448124
21_2PCB.A,0.0261920901477747
22_2PCB.A,0.01602574047543892
23_2PCB.A,0.01584496333130141
24_2PCB.A,0.01980702283671046
25_2PCB.A,0.01896892507959164
26_2PCB.A,0.015852197087803364
27_2PCB.A,0.016098513155480793
28_2PCB.A,0.030047287626328377
29_2PCB.A,0.02793320368692284
30_2PCB.A,0.019550674217496358
31_2PCB.A,0.06694126834185085
32_2PCB.A,0.07938508701226714
33_2PCB.A,0.044545180541980985
34_2PCB.A,0.35205121407747275
35_2PCB.A,0.5853898485654161
36_2PCB.A,0.056356133089610294
37_2PCB.A,0.08239532774068017
38_2PCB.A,0.48886378991314183
39_2PCB.A,0.9015931427726418
40_2PCB.A,0.048690376837269615
41_2PCB.A,0.017427335116690233
42_2PCB.A,0.04379109163744968
43_2PCB.A,0.01614948943563947
44_2PCB.A,0.015859434093539182
45_2PCB.A,0.016169931852430205
46_2PCB.A,0.01583050556035849
47_2PCB.A,0.01583050556035849
48_2PCB.A,0.017807708025440315
49_2PCB.A,0.01583050556035849
50_2PCB.A,0.01583050556035849
51_2PCB.A,0.017464508687764512
52_2PCB.A,0.015931463805769364
53_2PCB.A,0.01583050556035849
54_2PCB.A,0.01583050556035849
55_2PCB.A,0.01583050556035849
56_2PCB.A,0.01583050556035849
57_2PCB.A,0.021551638638820196
58_2PCB.A,0.01984061396389216
59_2PCB.A,0.024445036896426395
60_2PCB.A,0.02667475940518427
61_2PCB.A,0.019587679794928606
62_2PCB.A,0.02092910936699233
63_2PCB.A,0.017358882126808323
64_2PCB.A,0.01634384850798969
65_2PCB.A,0.015837732822623043
66_2PCB.A,0.01583050556035849
67_2PCB.A,0.023383372940307946
68_2PCB.A,0.01596733900326855
69_2PCB.A,0.01609116883654169
70_2PCB.A,0.015866674349919778
71_2PCB.A,0.019585076274437722
72_2PCB.A,0.05240258378405916
73_2PCB.A,0.04907434666461559
74_2PCB.A,0.06191277368419753
75_2PCB.A,0.02271044893069718
76_2PCB.A,0.015859434093539182
77_2PCB.A,0.05487616895782111
78_2PCB.A,0.04044798916222914
79_2PCB.A,0.0203604982271592
80_2PCB.A,0.024418907323153227
81_2PCB.A,0.020345367723753557
82_2PCB.A,0.017577724486743204
83_2PCB.A,0.022195926329580923
84_2PCB.A,0.02006853340368815
85_2PCB.A,0.016003815339640955
86_2PCB.A,0.04046969692233802
87_2PCB.A,0.037613769687122656
88_2PCB.A,0.016186375038087404
89_2PCB.A,0.04622752289088546
90_2PCB.A,0.05889233916999808
91_2PCB.A,0.021894474676539395
92_2PCB.A,0.016296467563885867
93_2PCB.A,0.04066697344999918
94_2PCB.A,0.021265768741544427
95_2PCB.A,0.016061824504373826
96_2PCB.A,0.029341253584305952
97_2PCB.A,0.04018380406403254
98_2PCB.A,0.024706223750185205
99_2PCB.A,0.022132678831406762
100_2PCB.A,0.03202121443001714
101_2PCB.A,0.02880730091446556
102_2PCB.A,0.02015928823686175
103_2PCB.A,0.019034942157555874
104_2PCB.A,0.022152762730507303
105_2PCB.A,0.015873400357017883
106_2PCB.A,0.01584496333130141
107_2PCB.A,0.01628213522190643
108_2PCB.A,0.018392007399846626
109_2PCB.A,0.01583050556035849
110_2PCB.A,0.01583050556035849
111_2PCB.A,0.01583050556035849
112_2PCB.A,0.01583050556035849
113_2PCB.A,0.01583050556035849
114_2PCB.A,0.01583050556035849
115_2PCB.A,0.015916928383792408
116_2PCB.A,0.01583050556035849
117_2PCB.A,0.01698315739317201
118_2PCB.A,0.020020501793518684
119_2PCB.A,0.01871704057597919
120_2PCB.A,0.19242524361709326
121_2PCB.A,0.02424519406741684
122_2PCB.A,0.019303384580800106
123_2PCB.A,0.03412911384720425
124_2PCB.A,0.016392868213257684
125_2PCB.A,0.027007818498642373
126_2PCB.A,0.0160403736455088
127_2PCB.A,0.031157024685483543
128_2PCB.A,0.019558378332826438
129_2PCB.A,0.016201152469218248
130_2PCB.A,0.016610065823506746
131_2PCB.A,0.025180839531981292
132_2PCB.A,0.032323726467366976
133_2PCB.A,0.024896110710557952
134_2PCB.A,0.030637093724461932
135_2PCB.A,0.03905907745288941
136_2PCB.A,0.025852889460483433
137_2PCB.A,0.019262721883566817
138_2PCB.A,0.016348592974800714
139_2PCB.A,0.01614212224230263
140_2PCB.A,0.020290637459378882
141_2PCB.A,0.022498451085362994
142_2PCB.A,0.024276473285892133
143_2PCB.A,0.022444736966204675
144_2PCB.A,0.021329230543948974
145_2PCB.A,0.019676303753200283
146_2PCB.A,0.025575693538960276
147_2PCB.A,0.017385512744229246
148_2PCB.A,0.0265947288458239
149_2PCB.A,0.031036069000808228
150_2PCB.A,0.036759685821945734
151_2PCB.A,0.020629162492613772
152_2PCB.A,0.025818705576510236
153_2PCB.A,0.028203598153167957
154_2PCB.A,0.015873400357017883
155_2PCB.A,0.021017600226066455
156_2PCB.A,0.02615662595797704
157_2PCB.A,0.022821181329435173
158_2PCB.A,0.01605449665008814
159_2PCB.A,0.022467872708296244
160_2PCB.A,0.021668606942324177
161_2PCB.A,0.016356052833911946
162_2PCB.A,0.023523807470367877
163_2PCB.A,0.017161041967382835
164_2PCB.A,0.019184649107614218
165_2PCB.A,0.017564624868927722
166_2PCB.A,0.018562251004310183
167_2PCB.A,0.01802373146536475
168_2PCB.A,0.01588064688648547
169_2PCB.A,0.01583050556035849
170_2PCB.A,0.01583050556035849
171_2PCB.A,0.01583050556035849
172_2PCB.A,0.01583050556035849
173_2PCB.A,0.01583050556035849
174_2PCB.A,0.01614480180158649
175_2PCB.A,0.01614480180158649
176_2PCB.A,0.01588064688648547
177_2PCB.A,0.01583050556035849
178_2PCB.A,0.015989214978707915
179_2PCB.A,0.02607137792673327
180_2PCB.A,0.01601842881568926
181_2PCB.A,0.017939442149245012
182_2PCB.A,0.02207483177189141
183_2PCB.A,0.040006581845934815
184_2PCB.A,0.02523367366379993
185_2PCB.A,0.01973902288388662
186_2PCB.A,0.01926892308836852
187_2PCB.A,0.018284069055393447
188_2PCB.A,0.026570727247090455
189_2PCB.A,0.02041607550859984
190_2PCB.A,0.02983684232687174
191_2PCB.A,0.01608965878206149
192_2PCB.A,0.0242732619783979
193_2PCB.A,0.09610580426898417
194_2PCB.A,0.06574768299962223
195_2PCB.A,0.06010309152118673
196_2PCB.A,0.07421241254013933
197_2PCB.A,0.057750204901978366
198_2PCB.A,0.017506359183783727
199_2PCB.A,0.029646336183111077
200_2PCB.A,0.019260160706746757
201_2PCB.A,0.027242817164007657
202_2PCB.A,0.015852197087803364
203_2PCB.A,0.015837732822623043
204_2PCB.A,0.023187555199880684
205_2PCB.A,0.022553907193066065
206_2PCB.A,0.026270705999046854
207_2PCB.A,0.03994952176986227
208_2PCB.A,0.03886858774847089
209_2PCB.A,0.05893847866946612
210_2PCB.A,0.06305373270883385
211_2PCB.A,0.05838916552057723
212_2PCB.A,0.05119831769993967
213_2PCB.A,0.0629496319914279
214_2PCB.A,0.022086868129768962
215_2PCB.A,0.02351167746676704
216_2PCB.A,0.017471947900640855
217_2PCB.A,0.042938062622749906
218_2PCB.A,0.022873362856167603
219_2PCB.A,0.0237878102961674
220_2PCB.A,0.022839698162370827
221_2PCB.A,0.03614519634821801
222_2PCB.A,0.017561713867338583
223_2PCB.A,0.09018249544570345
224_2PCB.A,0.020637213966524178
225_2PCB.A,0.020421103397282064
226_2PCB.A,0.042673427864673645
227_2PCB.A,0.061847689027744894
228_2PCB.A,0.04502998064612487
229_2PCB.A,0.06455813651565684
230_2PCB.A,0.016201152469218248
231_2PCB.A,0.01583050556035849
232_2PCB.A,0.01588064688648547
233_2PCB.A,0.020502442621140156
234_2PCB.A,0.01598191971285449
235_2PCB.A,0.01583050556035849
236_2PCB.A,0.09992601517871684
237_2PCB.A,0.01846691521910482
238_2PCB.A,0.01583050556035849
239_2PCB.A,0.07077976308421245
240_2PCB.A,0.08992452863342529
241_2PCB.A,0.032318161658287624
242_2PCB.A,0.04101617473266616
243_2PCB.A,0.02372630340671381
244_2PCB.A,0.015924194463147332
245_2PCB.A,0.05267831679754895
246_2PCB.A,0.020450014383377353
247_2PCB.A,0.016348592974800714
248_2PCB.A,0.01583050556035849
249_2PCB.A,0.03710373450549871
250_2PCB.A,0.017700619146042307
251_2PCB.A,0.0158951497111734
252_2PCB.A,0.019558378332826438
253_2PCB.A,0.02279393210092033
254_2PCB.A,0.020062731404952863
255_2PCB.A,0.024665620849080295
256_2PCB.A,0.025887952779777082
257_2PCB.A,0.01766034481821991
258_2PCB.A,0.01583050556035849
259_2PCB.A,0.022780585549511356
260_2PCB.A,0.0263692635770728
261_2PCB.A,0.016318786982429563
262_2PCB.A,0.01583050556035849
263_2PCB.A,0.01973575875652655
264_2PCB.A,0.02626231179210106
265_2PCB.A,0.015938736413074996
266_2PCB.A,0.01583050556035849
267_2PCB.A,0.021571206914444894
268_2PCB.A,0.02128439300792231
269_2PCB.A,0.01583050556035849
270_2PCB.A,0.01583050556035849
271_2PCB.A,0.02235682305768619
272_2PCB.A,0.02000543810090536
273_2PCB.A,0.021275423777613257
274_2PCB.A,0.021766436974879497
275_2PCB.A,0.026919086004023696
276_2PCB.A,0.028854519875121287
277_2PCB.A,0.03367528560093618
278_2PCB.A,0.05976681144359407
279_2PCB.A,0.0392176871665766
280_2PCB.A,0.05018774052453773
281_2PCB.A,0.06873359751217374
282_2PCB.A,0.12142416991961502
283_2PCB.A,0.0869892204152448
284_2PCB.A,0.10561499334102936
285_2PCB.A,0.0891736947634892
286_2PCB.A,0.02244453474943367
287_2PCB.A,0.06382762312280106
288_2PCB.A,0.017506359183783727
289_2PCB.A,0.017745548949554803
290_2PCB.A,0.03757908688095989
291_2PCB.A,0.032728946887654924
292_2PCB.A,0.027027767056187806
293_2PCB.A,0.028610459606868633
294_2PCB.A,0.03573921813525188
